date,symbol,open,close,volume
2010-01-04,AAPL,30.4899997143,30.5728568571,123432400.0
2010-01-05,AAPL,30.6571425714,30.6257132857,150476200.0
2010-01-06,AAPL,30.6257132857,30.1385707143,138040000.0
2010-01-07,AAPL,30.25,30.0828571428,119282800.0
2010-01-08,AAPL,30.0428562857,30.2828578571,111902700.0
2010-01-11,AAPL,30.3999995714,30.0157147143,115557400.0
2010-01-12,AAPL,29.884285,29.6742858571,148614900.0
2010-01-13,AAPL,29.695715,30.0928574285,151473000.0
2010-01-14,AAPL,30.0157147143,29.9185714285,108223500.0
2010-01-15,AAPL,30.1328564285,29.4185714285,148516900.0
2010-01-19,AAPL,29.7614288571,30.7199992857,182501900.0
2010-01-20,AAPL,30.7014294285,30.2471428571,153038200.0
2010-01-21,AAPL,30.297142,29.7242851428,152038600.0
2010-01-22,AAPL,29.5400008571,28.25,220441900.0
2010-01-25,AAPL,28.9300002857,29.0100002857,266424900.0
2010-01-26,AAPL,29.4214287143,29.4200001428,466777500.0
2010-01-27,AAPL,29.5499992857,29.6971435714,430642100.0
2010-01-28,AAPL,29.2757148571,28.4699992857,293375600.0
2010-01-29,AAPL,28.7257137143,27.4371432857,311488100.0
2010-02-01,AAPL,27.4814281428,27.8185711428,187469100.0
2010-02-02,AAPL,27.9871425714,27.9799995714,174585600.0
2010-02-03,AAPL,27.8814277143,28.4614277143,153832000.0
2010-02-04,AAPL,28.1042861428,27.4357147143,189413000.0
2010-02-05,AAPL,27.5185718571,27.9228572857,212576700.0
2010-02-08,AAPL,27.9557151428,27.7314281428,119567700.0
2010-02-09,AAPL,28.0599994285,28.0271434285,158221700.0
2010-02-10,AAPL,27.9842852857,27.8742867143,92590400.0
2010-02-11,AAPL,27.8400001428,28.3814277143,137586400.0
2010-02-12,AAPL,28.3014278571,28.6257132857,163867200.0
2010-02-16,AAPL,28.8485717143,29.0571422857,135934400.0
2010-02-17,AAPL,29.1700001428,28.9357147143,109099200.0
2010-02-18,AAPL,28.804285,28.9899997143,105706300.0
2010-02-19,AAPL,28.837143,28.8099994285,103867400.0
2010-02-22,AAPL,28.905714,28.6314277143,97640900.0
2010-02-23,AAPL,28.5714282857,28.1514282857,143773700.0
2010-02-24,AAPL,28.3185711428,28.6657142857,115141600.0
2010-02-25,AAPL,28.1971435714,28.8571434285,166281500.0
2010-02-26,AAPL,28.9114284285,29.2314281428,126865200.0
2010-03-01,AAPL,29.3928565714,29.8557148571,137523400.0
2010-03-02,AAPL,29.9899997143,29.8357142857,141636600.0
2010-03-03,AAPL,29.8485717143,29.9042854285,93013200.0
2010-03-04,AAPL,29.8971424285,30.101429,91510300.0
2010-03-05,AAPL,30.7057151428,31.2785721428,224905100.0
2010-03-08,AAPL,31.4300002857,31.297142,107472400.0
2010-03-09,AAPL,31.1871432857,31.8600005714,230064800.0
2010-03-10,AAPL,31.9757137143,32.119999,149054500.0
2010-03-11,AAPL,31.9871425714,32.2142868571,101425100.0
2010-03-12,AAPL,32.48143,32.3714294285,104080900.0
2010-03-15,AAPL,32.1971435714,31.9771422857,123375700.0
2010-03-16,AAPL,32.0257148571,32.0642852857,111727000.0
2010-03-17,AAPL,32.1285705714,32.0171432857,112739200.0
2010-03-18,AAPL,32.014286,32.0928574285,85527400.0
2010-03-19,AAPL,32.1128578571,31.75,139861400.0
2010-03-22,AAPL,31.4957141428,32.1071434285,114104900.0
2010-03-23,AAPL,32.2342872857,32.6228561428,150607800.0
2010-03-24,AAPL,32.5200004285,32.7671432857,149445100.0
2010-03-25,AAPL,32.9885711428,32.3785705714,135571100.0
2010-03-26,AAPL,32.7071418571,32.985714,160218800.0
2010-03-29,AAPL,33.2857131428,33.1985702857,135186100.0
2010-03-30,AAPL,33.7999992857,33.6928558571,131827500.0
2010-03-31,AAPL,33.6414298571,33.5714301428,107664900.0
2010-04-01,AAPL,33.9157142857,33.7099991428,150786300.0
2010-04-05,AAPL,33.568573,34.0699997143,171126900.0
2010-04-06,AAPL,34.0285721428,34.2200012857,111754300.0
2010-04-07,AAPL,34.2214278571,34.3714294285,157125500.0
2010-04-08,AAPL,34.3485717143,34.2785721428,143247300.0
2010-04-09,AAPL,34.4900017143,34.5414275714,83545700.0
2010-04-12,AAPL,34.5999984285,34.6128578571,83256600.0
2010-04-13,AAPL,34.5514297143,34.6328582857,76552700.0
2010-04-14,AAPL,35.0400008571,35.0985717143,101019100.0
2010-04-15,AAPL,35.1114272857,35.5600014285,94196200.0
2010-04-16,AAPL,35.5099982857,35.3428574285,187636400.0
2010-04-19,AAPL,35.2900008571,35.2957152857,141731100.0
2010-04-20,AAPL,35.5057144285,34.9414291428,184581600.0
2010-04-21,AAPL,36.9714278571,37.0314292857,245597800.0
2010-04-22,AAPL,36.8914298571,38.0671424285,198356200.0
2010-04-23,AAPL,38.2842864285,38.6899985714,199238900.0
2010-04-26,AAPL,38.8400001428,38.5,119767200.0
2010-04-27,AAPL,38.181427,37.4342841428,177335900.0
2010-04-28,AAPL,37.6071434285,37.3714294285,189600600.0
2010-04-29,AAPL,37.5742874285,38.3771438571,139710200.0
2010-04-30,AAPL,38.4728584285,37.2985725714,135615900.0
2010-05-03,AAPL,37.6914291428,38.0499992857,113585500.0
2010-05-04,AAPL,37.5557137142,36.9542847142,180954900.0
2010-05-05,AAPL,36.1471442857,36.5699997142,220775800.0
2010-05-06,AAPL,36.2614288571,35.1785698571,321465200.0
2010-05-07,AAPL,34.8157158571,33.6942862857,419004600.0
2010-05-10,AAPL,35.75,36.2842864285,246076600.0
2010-05-11,AAPL,35.9771422857,36.6457138571,212226700.0
2010-05-12,AAPL,37.0342864285,37.4414291428,163594900.0
2010-05-13,AAPL,37.6028557142,36.9085731428,149928100.0
2010-05-14,AAPL,36.4514274285,36.2599982857,189840700.0
2010-05-17,AAPL,36.3857154285,36.3171424285,190708700.0
2010-05-18,AAPL,36.7114295714,36.0514297142,195669600.0
2010-05-19,AAPL,35.6428565714,35.4771422857,256431700.0
2010-05-20,AAPL,34.554287,33.9657135714,320728800.0
2010-05-21,AAPL,33.2599982857,34.6171417143,305972800.0
2010-05-24,AAPL,35.3257141428,35.2514267143,188559700.0
2010-05-25,AAPL,34.1928558571,35.0314292857,262001600.0
2010-05-26,AAPL,35.7257155714,34.8728561428,212663500.0
2010-05-27,AAPL,35.7999992857,36.1928558571,166570600.0
2010-05-28,AAPL,37.0557137142,36.6971435714,203903700.0
2010-06-01,AAPL,37.0985717142,37.2614288571,219118200.0
2010-06-02,AAPL,37.7914275714,37.7071418571,172137000.0
2010-06-03,AAPL,37.8828582857,37.5885695714,162526700.0
2010-06-04,AAPL,36.8871421428,36.5657158571,189576100.0
2010-06-07,AAPL,36.898571,35.8485717142,221735500.0
2010-06-08,AAPL,36.1771431428,35.6185722857,250192600.0
2010-06-09,AAPL,35.9242858571,34.7428588571,213657500.0
2010-06-10,AAPL,34.9771422857,35.7871437142,194089000.0
2010-06-11,AAPL,35.4614295714,36.2157135714,136439800.0
2010-06-14,AAPL,36.5657158571,36.3257141428,150740100.0
2010-06-15,AAPL,36.5200004285,37.0985717142,146268500.0
2010-06-16,AAPL,37.2999992857,38.1785698571,195919500.0
2010-06-17,AAPL,38.6571425714,38.8385695714,218213800.0
2010-06-18,AAPL,38.8928565714,39.1528587142,196155400.0
2010-06-21,AAPL,39.6699981428,38.5957145714,194122600.0
2010-06-22,AAPL,38.880001,39.1214294285,179315500.0
2010-06-23,AAPL,39.2257155714,38.7099991428,192114300.0
2010-06-24,AAPL,38.7142868571,38.4285698571,178569300.0
2010-06-25,AAPL,38.5800018571,38.0999984285,137485600.0
2010-06-28,AAPL,38.1328582857,38.3285712857,146237000.0
2010-06-29,AAPL,37.73143,36.5957145714,283336200.0
2010-06-30,AAPL,36.6728554285,35.9328575714,184863000.0
2010-07-01,AAPL,36.3285712857,35.4971428571,255724000.0
2010-07-02,AAPL,35.7842864285,35.2771415714,173460700.0
2010-07-06,AAPL,35.8571434285,35.51857,153808900.0
2010-07-07,AAPL,35.7842864285,36.952858,163639000.0
2010-07-08,AAPL,37.4971428571,36.869999,184536100.0
2010-07-09,AAPL,36.6985702857,37.0885695714,108330600.0
2010-07-12,AAPL,36.9328575714,36.7557144285,140719600.0
2010-07-13,AAPL,36.6171417142,35.9714278571,297731000.0
2010-07-14,AAPL,35.6257132857,36.1042861428,203011900.0
2010-07-15,AAPL,35.4614295714,35.9214287142,206216500.0
2010-07-16,AAPL,36.1685714285,35.7000007143,259964600.0
2010-07-19,AAPL,35.6971435714,35.082859,256119500.0
2010-07-20,AAPL,34.7000007143,35.9842872857,268737700.0
2010-07-21,AAPL,37.869999,36.3199997142,296417800.0
2010-07-22,AAPL,36.811428,37.0028571428,161329700.0
2010-07-23,AAPL,36.7271422857,37.134285,133347200.0
2010-07-26,AAPL,37.1428565714,37.0400008571,105137900.0
2010-07-27,AAPL,37.2671432857,37.7257155714,146192900.0
2010-07-28,AAPL,37.667141,37.2799987142,129996300.0
2010-07-29,AAPL,37.2442855714,36.8728561428,160951700.0
2010-07-30,AAPL,36.5557137142,36.75,112052500.0
2010-08-02,AAPL,37.2057151428,37.4071425714,107013900.0
2010-08-03,AAPL,37.2871437142,37.4185714285,104413400.0
2010-08-04,AAPL,37.5485725714,37.568573,105093800.0
2010-08-05,AAPL,37.3899994285,37.3857154285,72274300.0
2010-08-06,AAPL,37.1114272857,37.155716,111224400.0
2010-08-09,AAPL,37.3542861428,37.3928565714,75782000.0
2010-08-10,AAPL,37.1214294285,37.0585708571,112980000.0
2010-08-11,AAPL,36.485714,35.7414284285,155013600.0
2010-08-12,AAPL,35.2414284285,35.9700012857,133730100.0
2010-08-13,AAPL,35.9500007142,35.5857124285,88717300.0
2010-08-16,AAPL,35.3685722857,35.3771438571,79607500.0
2010-08-17,AAPL,35.7257155714,35.9957161428,105660100.0
2010-08-18,AAPL,36.0514297142,36.1528587142,84924000.0
2010-08-19,AAPL,36.119999,35.6971435714,106676500.0
2010-08-20,AAPL,35.6271438571,35.662857,96057500.0
2010-08-23,AAPL,35.9700012857,35.1142845714,103510400.0
2010-08-24,AAPL,34.667141,34.2757148571,150641400.0
2010-08-25,AAPL,34.0057144285,34.6985702857,149216900.0
2010-08-26,AAPL,35.0642852857,34.3257141428,116626300.0
2010-08-27,AAPL,34.5357131428,34.5171432857,137097800.0
2010-08-30,AAPL,34.3942871428,34.6428565714,95822300.0
2010-08-31,AAPL,34.5499992857,34.7285728571,105196700.0
2010-09-01,AAPL,35.3528557143,35.7614288571,174259400.0
2010-09-02,AAPL,35.8942871428,36.0242844285,103856900.0
2010-09-03,AAPL,36.4414291428,36.967144,130197200.0
2010-09-07,AAPL,36.662857,36.8300018571,85639400.0
2010-09-08,AAPL,37.1114272857,37.5600014285,131637800.0
2010-09-09,AAPL,37.8628578571,37.5814285714,109643800.0
2010-09-10,AAPL,37.5985717142,37.630001,96885600.0
2010-09-13,AAPL,37.9742851428,38.148571,97195000.0
2010-09-14,AAPL,38.0299987142,38.2942848571,102037600.0
2010-09-15,AAPL,38.3100014285,38.6028557142,107342200.0
2010-09-16,AAPL,38.6057128571,39.5099982857,163025800.0
2010-09-17,AAPL,39.6699981428,39.3385695714,158619300.0
2010-09-20,AAPL,39.4399985714,40.4614295714,164669400.0
2010-09-21,AAPL,40.5514297142,40.5385704285,167018600.0
2010-09-22,AAPL,40.3871421428,41.1071434285,146322400.0
2010-09-23,AAPL,40.9042854285,41.2742844285,196529200.0
2010-09-24,AAPL,41.7285728571,41.7599982857,162372000.0
2010-09-27,AAPL,41.9971428571,41.594284,120708700.0
2010-09-28,AAPL,41.681427,40.9799995714,258760600.0
2010-09-29,AAPL,41.032856,41.0528564285,117411000.0
2010-09-30,AAPL,41.2857131428,40.5357131428,168347900.0
2010-10-01,AAPL,40.8785705714,40.3600005714,112035700.0
2010-10-04,AAPL,40.2285728571,39.8057137142,108825500.0
2010-10-05,AAPL,40.2857131428,41.2771415714,125491800.0
2010-10-06,AAPL,41.369999,41.3128585714,167717200.0
2010-10-07,AAPL,41.4771422857,41.3171424285,102099900.0
2010-10-08,AAPL,41.6728554285,42.0099982857,164600800.0
2010-10-11,AAPL,42.1057128571,42.1942862857,106938300.0
2010-10-12,AAPL,42.2014274285,42.648571,139636000.0
2010-10-13,AAPL,42.8857154285,42.8771438571,157523100.0
2010-10-14,AAPL,43.0985717142,43.1871414285,108824100.0
2010-10-15,AAPL,43.9199981428,44.9628562857,230548500.0
2010-10-18,AAPL,45.4957161428,45.4285698571,273252700.0
2010-10-19,AAPL,43.3428574285,44.2128562857,308196000.0
2010-10-20,AAPL,44.1428565714,44.3614272857,180406100.0
2010-10-21,AAPL,44.6228561428,44.217144,137865000.0
2010-10-22,AAPL,44.1528587142,43.9242858571,93194500.0
2010-10-25,AAPL,44.155716,44.119999,98115500.0
2010-10-26,AAPL,43.8385695714,44.0071411428,98232400.0
2010-10-27,AAPL,43.9500007142,43.9757155714,99750700.0
2010-10-28,AAPL,43.9928588571,43.6057128571,137762800.0
2010-10-29,AAPL,43.4614295714,42.9971428571,107627800.0
2010-11-01,AAPL,43.1742858571,43.4542847142,105972300.0
2010-11-02,AAPL,43.8571434285,44.1942862857,108482500.0
2010-11-03,AAPL,44.48143,44.6857147142,127087100.0
2010-11-04,AAPL,45.0642852857,45.467144,160622000.0
2010-11-05,AAPL,45.4271431428,45.304287,90313300.0
2010-11-08,AAPL,45.3142852857,45.5171432857,70439600.0
2010-11-09,AAPL,45.8642845714,45.1542854285,95886000.0
2010-11-10,AAPL,45.2342872857,45.4328575714,96056800.0
2010-11-11,AAPL,45.0,45.235714,90321000.0
2010-11-12,AAPL,45.1428565714,44.0042838571,198961700.0
2010-11-15,AAPL,44.0657158571,43.8628578571,100901500.0
2010-11-16,AAPL,43.6742858571,43.0842857142,164412500.0
2010-11-17,AAPL,43.0285721428,42.9285698571,119862400.0
2010-11-18,AAPL,43.5999984285,44.061428,123622800.0
2010-11-19,AAPL,43.9957161428,43.818573,96210800.0
2010-11-22,AAPL,43.811428,44.7657127142,98268800.0
2010-11-23,AAPL,44.3499984285,44.1042861428,129861900.0
2010-11-24,AAPL,44.5714301428,44.9714278571,103431300.0
2010-11-26,AAPL,44.8199997142,45.0,59396400.0
2010-11-29,AAPL,45.0714301428,45.2671432857,111446300.0
2010-11-30,AAPL,44.7914275714,44.4500007142,125464500.0
2010-12-01,AAPL,45.0385704285,45.2000007142,115437700.0
2010-12-02,AAPL,45.3614272857,45.4500007142,115709300.0
2010-12-03,AAPL,45.2871437142,45.3485717142,85523200.0
2010-12-06,AAPL,45.5200004285,45.735714,112120400.0
2010-12-07,AAPL,46.2571411428,45.4585724285,97863500.0
2010-12-08,AAPL,45.6614304285,45.8585701428,80483900.0
2010-12-09,AAPL,46.01857,45.6800002857,73537800.0
2010-12-10,AAPL,45.6642875714,45.7942848571,65627800.0
2010-12-13,AAPL,46.3385695714,45.952858,109953900.0
2010-12-14,AAPL,45.9614295714,45.7557144285,87752000.0
2010-12-15,AAPL,45.7142868571,45.7657127142,104328000.0
2010-12-16,AAPL,45.869999,45.8928565714,80507700.0
2010-12-17,AAPL,45.9471435714,45.8014297142,96732300.0
2010-12-20,AAPL,45.9428558571,46.0299987142,96402600.0
2010-12-21,AAPL,46.1428565714,46.3142852857,64088500.0
2010-12-22,AAPL,46.337143,46.4514274285,66480400.0
2010-12-23,AAPL,46.4285698571,46.2285728571,55789300.0
2010-12-27,AAPL,46.1214294285,46.3828582857,62454000.0
2010-12-28,AAPL,46.5585708571,46.4957161428,43981000.0
2010-12-29,AAPL,46.6028557142,46.4700012857,40784800.0
2010-12-30,AAPL,46.4971428571,46.2371444285,39373600.0
2010-12-31,AAPL,46.1357154285,46.0800018571,48377000.0
2011-01-03,AAPL,46.5200004285,47.0814285714,111284600.0
2011-01-04,AAPL,47.4914284285,47.3271445714,77270200.0
2011-01-05,AAPL,47.0785712857,47.7142868571,63879900.0
2011-01-06,AAPL,47.8171424285,47.6757125714,75107200.0
2011-01-07,AAPL,47.7128562857,48.0171432857,77982800.0
2011-01-10,AAPL,48.4042854285,48.9214287142,112140000.0
2011-01-11,AAPL,49.26857,48.8057137142,111027000.0
2011-01-12,AAPL,49.0357131428,49.202858,75647600.0
2011-01-13,AAPL,49.3085708571,49.3828582857,74195100.0
2011-01-14,AAPL,49.412857,49.782856,77210000.0
2011-01-18,AAPL,47.0742874285,48.6642875714,470249500.0
2011-01-19,AAPL,49.764286,48.405716,283903200.0
2011-01-20,AAPL,48.061428,47.5257148571,191197300.0
2011-01-21,AAPL,47.681427,46.6742858571,188600300.0
2011-01-24,AAPL,46.695713,48.2071418571,143670800.0
2011-01-25,AAPL,48.047142,48.7714271428,136717000.0
2011-01-26,AAPL,48.9942855714,49.1214294285,126718900.0
2011-01-27,AAPL,49.1114272857,49.0299987142,71256500.0
2011-01-28,AAPL,49.167141,48.014286,148014300.0
2011-01-31,AAPL,47.9714278571,48.4742851428,94311700.0
2011-02-01,AAPL,48.7571411428,49.2900008571,106658300.0
2011-02-02,AAPL,49.2071418571,49.188572,64738800.0
2011-02-03,AAPL,49.1142845714,49.0628585714,98449400.0
2011-02-04,AAPL,49.0914268571,49.5,80460100.0
2011-02-07,AAPL,49.6985702857,50.2685699999,121255400.0
2011-02-08,AAPL,50.5257148571,50.7428588571,95260200.0
2011-02-09,AAPL,50.7414284285,51.1657142857,120686300.0
2011-02-10,AAPL,51.0557137142,50.6485709999,232137500.0
2011-02-11,AAPL,50.6785698571,50.9785728571,91893200.0
2011-02-14,AAPL,50.9700012857,51.3114279999,77604100.0
2011-02-15,AAPL,51.3128585714,51.4142875714,71043700.0
2011-02-16,AAPL,51.5428581428,51.8757132857,120289400.0
2011-02-17,AAPL,51.0357131428,51.1857147142,132645800.0
2011-02-18,AAPL,51.2442855714,50.0800018571,204014300.0
2011-02-22,AAPL,48.8785705714,48.3728561428,218138900.0
2011-02-23,AAPL,48.3957138571,48.945713,167963600.0
2011-02-24,AAPL,49.1457138571,48.9828567142,124975200.0
2011-02-25,AAPL,49.3228568571,49.7371444285,95004700.0
2011-02-28,AAPL,50.1771431428,50.4585724285,100768500.0
2011-03-01,AAPL,50.7814292857,49.9014282857,114034200.0
2011-03-02,AAPL,49.9942855714,50.3028564285,150647700.0
2011-03-03,AAPL,51.0271415714,51.3657149999,125197100.0
2011-03-04,AAPL,51.4385719999,51.4285698571,113316700.0
2011-03-07,AAPL,51.6285705714,50.7657127142,136530800.0
2011-03-08,AAPL,50.7014274285,50.8228568571,89079200.0
2011-03-09,AAPL,50.6699981428,50.3528557142,113326500.0
2011-03-10,AAPL,49.8742867142,49.5242844285,126884800.0
2011-03-11,AAPL,49.332859,50.2842864285,117770100.0
2011-03-14,AAPL,50.4542847142,50.5085715714,108989300.0
2011-03-15,AAPL,48.8714294285,49.3471412857,180270300.0
2011-03-16,AAPL,48.8571434285,47.1442871428,290502800.0
2011-03-17,AAPL,48.1185722857,47.8057137142,164855600.0
2011-03-18,AAPL,48.1614304285,47.2385711428,188303500.0
2011-03-21,AAPL,47.9985732857,48.4714278571,102350500.0
2011-03-22,AAPL,48.9371414285,48.7428588571,81480700.0
2011-03-23,AAPL,48.4685707142,48.4557151428,93249100.0
2011-03-24,AAPL,48.8357124285,49.2814292857,101178000.0
2011-03-25,AAPL,49.7242851428,50.2200012857,112227500.0
2011-03-28,AAPL,50.4500007142,50.0628585714,77338800.0
2011-03-29,AAPL,49.6657142857,50.1371421428,88225200.0
2011-03-30,AAPL,50.0914268571,49.804287,82351500.0
2011-03-31,AAPL,49.4799995714,49.7871437142,68504800.0
2011-04-01,AAPL,50.1585731428,49.2228584285,104665400.0
2011-04-04,AAPL,49.1871414285,48.7414284285,115021200.0
2011-04-05,AAPL,48.1414298571,48.412857,120682800.0
2011-04-06,AAPL,48.7457161428,48.2914275714,100634800.0
2011-04-07,AAPL,48.2999992857,48.297142,93361800.0
2011-04-08,AAPL,48.5600014285,47.865715,94383800.0
2011-04-11,AAPL,47.7228584285,47.2571411428,99736700.0
2011-04-12,AAPL,47.2128562857,47.485714,106409800.0
2011-04-13,AAPL,47.8600005714,48.01857,86555000.0
2011-04-14,AAPL,47.8285712857,47.4885711428,75450200.0
2011-04-15,AAPL,47.6142845714,46.7799987142,113401400.0
2011-04-18,AAPL,46.5857124285,47.4071425714,152474700.0
2011-04-19,AAPL,47.5857124285,48.2657127142,104844600.0
2011-04-20,AAPL,49.0728568571,48.9157142857,175166600.0
2011-04-21,AAPL,50.7142868571,50.0999984285,188452600.0
2011-04-25,AAPL,50.0485725714,50.4300002857,66636500.0
2011-04-26,AAPL,50.5171432857,50.0600014285,84700000.0
2011-04-27,AAPL,50.3199997142,50.0214271428,89053300.0
2011-04-28,AAPL,49.4557151428,49.5357131428,90239800.0
2011-04-29,AAPL,49.5400008571,50.0185699999,251586300.0
2011-05-02,AAPL,49.9628562857,49.4685707142,110678400.0
2011-05-03,AAPL,49.7128562857,49.7428588571,78337000.0
2011-05-04,AAPL,49.7514267142,49.938572,97312600.0
2011-05-05,AAPL,49.7714271428,49.5357131428,83992300.0
2011-05-06,AAPL,49.9557151428,49.5228577142,70033600.0
2011-05-09,AAPL,49.6942862857,49.6571425714,51186800.0
2011-05-10,AAPL,49.8414268571,49.9214287142,70522900.0
2011-05-11,AAPL,49.8600005714,49.6042861428,84000000.0
2011-05-12,AAPL,49.445713,49.5099982857,80500000.0
2011-05-13,AAPL,49.380001,48.6428565714,81529000.0
2011-05-16,AAPL,48.4571418571,47.6142845714,112443800.0
2011-05-17,AAPL,47.4285698571,48.0200004285,113083600.0
2011-05-18,AAPL,48.0671424285,48.5528564285,83694100.0
2011-05-19,AAPL,48.8685722857,48.6471442857,65292500.0
2011-05-20,AAPL,48.5085715714,47.8885727142,84492100.0
2011-05-23,AAPL,47.1385727142,47.7714271428,95900000.0
2011-05-24,AAPL,47.9285698571,47.4557151428,80481800.0
2011-05-25,AAPL,47.6328582857,48.1114272857,73556000.0
2011-05-26,AAPL,47.9957161428,47.8571434285,55640200.0
2011-05-27,AAPL,47.8285712857,48.2014274285,50899800.0
2011-05-31,AAPL,48.7285728571,49.6899985714,104438600.0
2011-06-01,AAPL,49.8385695714,49.3585701428,138670700.0
2011-06-02,AAPL,49.5,49.4428558571,84695800.0
2011-06-03,AAPL,49.0257148571,49.0628585714,78312500.0
2011-06-06,AAPL,49.3857154285,48.2914275714,115485300.0
2011-06-07,AAPL,48.3100014285,47.4342841428,132446300.0
2011-06-08,AAPL,47.3971442857,47.4628562857,83430900.0
2011-06-09,AAPL,47.6071434285,47.3557128571,68772200.0
2011-06-10,AAPL,47.2214278571,46.5571441428,108488800.0
2011-06-13,AAPL,46.7428588571,46.6571425714,82368300.0
2011-06-14,AAPL,47.1428565714,47.4914284285,83642300.0
2011-06-15,AAPL,47.1071434285,46.6785698571,99799000.0
2011-06-16,AAPL,46.7000007142,46.4514274285,127647800.0
2011-06-17,AAPL,46.9985732857,45.7514267142,153755000.0
2011-06-20,AAPL,45.337143,45.0457152857,160161400.0
2011-06-21,AAPL,45.2400017142,46.4714278571,123345600.0
2011-06-22,AAPL,46.4514274285,46.087143,97645800.0
2011-06-23,AAPL,45.5628585714,47.318573,139939800.0
2011-06-24,AAPL,47.3385695714,46.6214294285,109951800.0
2011-06-27,AAPL,46.7985725714,47.4342841428,84953400.0
2011-06-28,AAPL,47.6642875714,47.8942871428,73574900.0
2011-06-29,AAPL,48.0057144285,47.7200012857,88136300.0
2011-06-30,AAPL,47.8142852857,47.952858,80738700.0
2011-07-01,AAPL,47.9928588571,49.0371437142,108828300.0
2011-07-05,AAPL,49.0,49.9185714285,88763500.0
2011-07-06,AAPL,49.8499984285,50.2514267142,111156500.0
2011-07-07,AAPL,50.6671409999,51.0285721428,99915900.0
2011-07-08,AAPL,50.4771422857,51.3871421428,122408300.0
2011-07-11,AAPL,50.9057159999,50.5714301428,110668600.0
2011-07-12,AAPL,50.5042838571,50.5357131428,112902300.0
2011-07-13,AAPL,51.1899985714,51.1457138571,97909700.0
2011-07-14,AAPL,51.5728568571,51.1100005714,107633400.0
2011-07-15,AAPL,51.5957145714,52.1314277142,121116800.0
2011-07-18,AAPL,52.2042847142,53.4000015714,143163300.0
2011-07-19,AAPL,53.9999999999,53.8357124285,204786400.0
2011-07-20,AAPL,56.5885695714,55.2714271428,235335100.0
2011-07-21,AAPL,55.2785721428,55.3271445714,131633600.0
2011-07-22,AAPL,55.4742851428,56.1857147142,129182200.0
2011-07-25,AAPL,55.7642859999,56.9285698571,147451500.0
2011-07-26,AAPL,57.1428565714,57.6300009999,119145600.0
2011-07-27,AAPL,57.2271422857,56.0842857142,164831100.0
2011-07-28,AAPL,55.9457129999,55.9742851428,148508500.0
2011-07-29,AAPL,55.3771438571,55.7828559999,158146100.0
2011-08-01,AAPL,56.8257141428,56.6785698571,153209000.0
2011-08-02,AAPL,56.8071441428,55.5585708571,159884900.0
2011-08-03,AAPL,55.8542861428,56.0814285714,183127000.0
2011-08-04,AAPL,55.6300009999,53.9099998571,217851900.0
2011-08-05,AAPL,54.3485717142,53.3742867142,301147700.0
2011-08-08,AAPL,51.6699981428,50.4585724285,285958400.0
2011-08-09,AAPL,51.6142845714,53.4300002857,270645900.0
2011-08-10,AAPL,53.0214271428,51.9557151428,219664200.0
2011-08-11,AAPL,52.9314269999,53.3857154285,185492300.0
2011-08-12,AAPL,54.0099982857,53.8557128571,132244000.0
2011-08-15,AAPL,54.2328567142,54.7728577142,115136000.0
2011-08-16,AAPL,54.5028571428,54.3542861428,124687500.0
2011-08-17,AAPL,54.6157149999,54.3485717142,110515300.0
2011-08-18,AAPL,52.9771422857,52.2928581428,212858800.0
2011-08-19,AAPL,51.7385711428,50.8614272857,193972100.0
2011-08-22,AAPL,52.0728568571,50.9199981428,133828800.0
2011-08-23,AAPL,51.4714278571,53.3714294285,164208800.0
2011-08-24,AAPL,53.3528557142,53.7400017142,156566900.0
2011-08-25,AAPL,52.1542854285,53.3885727142,217836500.0
2011-08-26,AAPL,53.0242844285,54.7971419999,160369300.0
2011-08-29,AAPL,55.4542847142,55.7099991428,101317300.0
2011-08-30,AAPL,55.4642868571,55.7128562857,104480600.0
2011-08-31,AAPL,55.7957152857,54.9757155714,130646600.0
2011-09-01,AAPL,55.1171417142,54.4328575714,85931300.0
2011-09-02,AAPL,53.5342864285,53.4357147142,109734800.0
2011-09-06,AAPL,52.4814299999,54.2485732857,127424500.0
2011-09-07,AAPL,55.0800018571,54.8471412857,87644200.0
2011-09-08,AAPL,54.6285705714,54.8771438571,104039600.0
2011-09-09,AAPL,54.8471412857,53.9257125714,141203300.0
2011-09-12,AAPL,53.2857131428,54.2771415714,116958100.0
2011-09-13,AAPL,54.5914268571,54.9457129999,110140100.0
2011-09-14,AAPL,55.2885704285,55.6142845714,133681100.0
2011-09-15,AAPL,55.9185714285,56.1371421428,104454700.0
2011-09-16,AAPL,56.5057144285,57.2142868571,174628300.0
2011-09-19,AAPL,56.7142868571,58.8042869999,205965200.0
2011-09-20,AAPL,59.3214301428,59.0642852857,193938500.0
2011-09-21,AAPL,59.9485702857,58.8771438571,151494000.0
2011-09-22,AAPL,57.2900008571,57.4028587142,242120200.0
2011-09-23,AAPL,57.1828575714,57.7571411428,136569300.0
2011-09-26,AAPL,57.1228561428,57.5957145714,203219100.0
2011-09-27,AAPL,58.3899994285,57.0371437142,158124400.0
2011-09-28,AAPL,57.1699981428,56.7157135714,107409400.0
2011-09-29,AAPL,57.4171409999,55.7957152857,162771700.0
2011-09-30,AAPL,55.3028564285,54.4742851428,136910200.0
2011-10-03,AAPL,54.3385695714,53.5142859999,167274800.0
2011-10-04,AAPL,53.5099982857,53.2142868571,308419300.0
2011-10-05,AAPL,52.5514297142,54.0357131428,196617400.0
2011-10-06,AAPL,53.3328589999,53.9099998571,203145600.0
2011-10-07,AAPL,53.6828575714,52.8285712857,133864500.0
2011-10-10,AAPL,54.1557159999,55.5442848571,110628700.0
2011-10-11,AAPL,56.0814285714,57.1842841428,151421900.0
2011-10-12,AAPL,58.1914291428,57.4557151428,155571500.0
2011-10-13,AAPL,57.8542861428,58.3471412857,106546300.0
2011-10-14,AAPL,59.5471419999,60.2857131428,143341800.0
2011-10-17,AAPL,60.2485732857,59.9985732857,171511200.0
2011-10-18,AAPL,60.2514267142,60.3199997142,220400600.0
2011-10-19,AAPL,57.3357124285,56.9457129999,276014900.0
2011-10-20,AAPL,57.1428565714,56.4728584285,137317600.0
2011-10-21,AAPL,56.8714294285,56.1242867142,155311100.0
2011-10-24,AAPL,56.5971412857,57.9671439999,125534500.0
2011-10-25,AAPL,57.8614272857,56.8242874285,107606800.0
2011-10-26,AAPL,57.3942871428,57.2285728571,114076200.0
2011-10-27,AAPL,58.2228584285,57.8128585714,123666200.0
2011-10-28,AAPL,57.5714301428,57.8499984285,80710700.0
2011-10-31,AAPL,57.4885711428,57.8257141428,96375300.0
2011-11-01,AAPL,56.7728577142,56.6442871428,132947500.0
2011-11-02,AAPL,57.1557159999,56.7728577142,81837700.0
2011-11-03,AAPL,57.0099982857,57.5814285714,110346600.0
2011-11-04,AAPL,57.4328575714,57.1771431428,75557300.0
2011-11-07,AAPL,57.1300009999,57.1042861428,67568900.0
2011-11-08,AAPL,57.4585724285,58.0328559999,100110500.0
2011-11-09,AAPL,56.7099991428,56.4685707142,139671000.0
2011-11-10,AAPL,56.7185707142,55.0314292857,186188100.0
2011-11-11,AAPL,55.2299995714,54.9457129999,163446500.0
2011-11-14,AAPL,54.7885704285,54.1800002857,108226300.0
2011-11-15,AAPL,54.4000015714,55.5471419999,107702700.0
2011-11-16,AAPL,55.6071434285,54.9671439999,87302600.0
2011-11-17,AAPL,54.8542861428,53.9157142857,119975100.0
2011-11-18,AAPL,54.1314277142,53.5628585714,92984500.0
2011-11-21,AAPL,52.9142875714,52.7157135714,111995100.0
2011-11-22,AAPL,53.0028571428,53.7871437142,102255300.0
2011-11-23,AAPL,53.5014267142,52.4271431428,107067800.0
2011-11-25,AAPL,52.6314277142,51.9385719999,63690200.0
2011-11-28,AAPL,53.1928558571,53.7314299999,86603300.0
2011-11-29,AAPL,53.6914291428,53.3142852857,93963800.0
2011-11-30,AAPL,54.4700012857,54.5999984285,101484600.0
2011-12-01,AAPL,54.6485709999,55.4185714285,96795300.0
2011-12-02,AAPL,55.6899985714,55.6714287142,94763900.0
2011-12-05,AAPL,56.2128562857,56.1442871428,89302500.0
2011-12-06,AAPL,56.0728568571,55.8499984285,70899500.0
2011-12-07,AAPL,55.7042847142,55.5842857142,76186600.0
2011-12-08,AAPL,55.9214287142,55.8085708571,94089100.0
2011-12-09,AAPL,56.1214294285,56.2314299999,74248300.0
2011-12-12,AAPL,55.9542847142,55.9771422857,75266800.0
2011-12-13,AAPL,56.1428565714,55.5442848571,84732200.0
2011-12-14,AAPL,55.2428588571,54.3128585714,101721900.0
2011-12-15,AAPL,54.7614288571,54.1342849999,64050000.0
2011-12-16,AAPL,54.3371429999,54.4314269999,105369600.0
2011-12-19,AAPL,54.6385727142,54.6014289999,58882600.0
2011-12-20,AAPL,55.3942871428,56.5642852857,84303800.0
2011-12-21,AAPL,56.6699981428,56.6357154285,65737000.0
2011-12-22,AAPL,56.7142868571,56.9357147142,50589700.0
2011-12-23,AAPL,57.0985717142,57.6185722857,67349800.0
2011-12-27,AAPL,57.5857124285,58.0757141428,66269000.0
2011-12-28,AAPL,58.1271438571,57.5200004285,57165500.0
2011-12-29,AAPL,57.6285705714,57.8742867142,53994500.0
2011-12-30,AAPL,57.6442871428,57.8571434285,44915500.0
2012-01-03,AAPL,58.4857139999,58.7471428571,75555200.0
2012-01-04,AAPL,58.5714301428,59.0628585714,65005500.0
2012-01-05,AAPL,59.2785721428,59.7185707142,67817400.0
2012-01-06,AAPL,59.9671439999,60.3428574285,79573200.0
2012-01-09,AAPL,60.7857131428,60.2471428571,98506100.0
2012-01-10,AAPL,60.8442839999,60.4628562857,64549100.0
2012-01-11,AAPL,60.3828582857,60.3642845714,53771200.0
2012-01-12,AAPL,60.3257141428,60.1985702857,53146800.0
2012-01-13,AAPL,59.9571418571,59.9728584285,56505400.0
2012-01-17,AAPL,60.5999984285,60.6714287142,60724300.0
2012-01-18,AAPL,60.9942855714,61.3014297142,69197800.0
2012-01-19,AAPL,61.4500007142,61.1071434285,65434600.0
2012-01-20,AAPL,61.0699997142,60.0428581428,103493600.0
2012-01-23,AAPL,60.3814277142,61.0585708571,76515600.0
2012-01-24,AAPL,60.7285728571,60.0585708571,136909500.0
2012-01-25,AAPL,64.9199981428,63.8085708571,239578500.0
2012-01-26,AAPL,64.0514297142,63.5185699999,80996300.0
2012-01-27,AAPL,63.4771422857,63.8971442857,74927300.0
2012-01-30,AAPL,63.6728554285,64.7157135714,94835300.0
2012-01-31,AAPL,65.0842818571,65.2114257142,97920900.0
2012-02-01,AAPL,65.4871444285,65.1699981428,67511500.0
2012-02-02,AAPL,65.1285705714,65.0171432856,46699100.0
2012-02-03,AAPL,65.3285751428,65.6685714285,71649900.0
2012-02-06,AAPL,65.4828567142,66.2814254285,62353200.0
2012-02-07,AAPL,66.4642868571,66.9757155714,79055900.0
2012-02-08,AAPL,67.2142868571,68.0971451428,101972500.0
2012-02-09,AAPL,68.6800002856,70.4528579999,221053700.0
2012-02-10,AAPL,70.1371459999,70.4885711428,157825500.0
2012-02-13,AAPL,71.3614272856,71.8000029999,129304000.0
2012-02-14,AAPL,72.0942839999,72.7799987142,115099600.0
2012-02-15,AAPL,73.4657135714,71.0957107142,376530000.0
2012-02-16,AAPL,70.2142868571,71.7442855714,236138000.0
2012-02-17,AAPL,71.8728561428,71.7314299999,133951300.0
2012-02-21,AAPL,72.4114304285,73.5500029999,151398800.0
2012-02-22,AAPL,73.2971419999,73.2914275714,120825600.0
2012-02-23,AAPL,73.5828552856,73.7699967142,142006900.0
2012-02-24,AAPL,74.2385711428,74.6299972856,103768000.0
2012-02-27,AAPL,74.4728545714,75.1085738571,136895500.0
2012-02-28,AAPL,75.4228591428,76.4871444285,150096800.0
2012-02-29,AAPL,77.3657149999,77.4914321428,238002800.0
2012-03-01,AAPL,78.3099975714,77.7814254285,170817500.0
2012-03-02,AAPL,77.7485732856,77.8828582856,107928100.0
2012-03-05,AAPL,77.9171447142,76.1657181428,202281100.0
2012-03-06,AAPL,74.8085708571,75.7514267142,202559700.0
2012-03-07,AAPL,76.6857147142,75.8128585714,199630200.0
2012-03-08,AAPL,76.3842849999,77.4271392856,129114300.0
2012-03-09,AAPL,77.7442855714,77.8814315714,104729800.0
2012-03-12,AAPL,78.4257125714,78.8571395713,101820600.0
2012-03-13,AAPL,79.6485748571,81.1571425713,172713800.0
2012-03-14,AAPL,82.5785751428,84.2257155713,354711000.0
2012-03-15,AAPL,85.6585692856,83.6514282856,289929500.0
2012-03-16,AAPL,83.5314254285,83.6528548571,206371900.0
2012-03-19,AAPL,85.4814299999,85.8714294285,225309000.0
2012-03-20,AAPL,85.6442871428,86.5657119999,204165500.0
2012-03-21,AAPL,86.1057128571,86.0714264285,161010500.0
2012-03-22,AAPL,85.3971405713,85.6200027142,155967700.0
2012-03-23,AAPL,85.7842864285,85.1500015713,107622200.0
2012-03-26,AAPL,85.6842879999,86.7114257142,148935500.0
2012-03-27,AAPL,86.5971451428,87.7828598571,151782400.0
2012-03-28,AAPL,88.3399962856,88.2314299999,163865100.0
2012-03-29,AAPL,87.5400008571,87.1228561428,152059600.0
2012-03-30,AAPL,86.9671401428,85.6500015713,182759500.0
2012-04-02,AAPL,85.9757155713,88.3757171428,149587900.0
2012-04-03,AAPL,89.6142882856,89.9028548571,208639900.0
2012-04-04,AAPL,89.1928558571,89.1871414285,143245200.0
2012-04-05,AAPL,89.5685729999,90.5257109999,160324500.0
2012-04-09,AAPL,89.4471435713,90.8899994285,149384200.0
2012-04-10,AAPL,91.4185714285,89.7771454285,222431300.0
2012-04-11,AAPL,90.8857117142,89.4571457142,174153700.0
2012-04-12,AAPL,89.2857131428,88.9671401428,153584200.0
2012-04-13,AAPL,89.1585692856,86.4614257142,214911200.0
2012-04-16,AAPL,87.1514282856,82.8757171428,262696700.0
2012-04-17,AAPL,82.7057114285,87.0999984285,256382000.0
2012-04-18,AAPL,87.6742858571,86.9057159999,238632800.0
2012-04-19,AAPL,85.7457122856,83.9199981428,208679800.0
2012-04-20,AAPL,84.4828567142,81.8542861428,257746300.0
2012-04-23,AAPL,81.5157165713,81.6714248571,241632300.0
2012-04-24,AAPL,80.3728561428,80.0400008571,269037300.0
2012-04-25,AAPL,87.9485702856,87.1428604285,226444400.0
2012-04-26,AAPL,87.7528534285,86.8142852856,134017100.0
2012-04-27,AAPL,86.4385681428,86.1428604285,101680600.0
2012-04-30,AAPL,85.4000015713,83.4257125713,126536200.0
2012-05-01,AAPL,83.5571441428,83.1614304285,152749800.0
2012-05-02,AAPL,82.8914261428,83.7114257142,106847300.0
2012-05-03,AAPL,84.3571395713,83.1171417142,97637400.0
2012-05-04,AAPL,82.4400024285,80.7499999999,132498100.0
2012-05-07,AAPL,80.2142868571,81.3542861428,115029600.0
2012-05-08,AAPL,81.3685684285,81.1685714285,124313000.0
2012-05-09,AAPL,80.5285721428,81.3114318571,120176000.0
2012-05-10,AAPL,82.0828552856,81.5028534285,83300000.0
2012-05-11,AAPL,80.7142868571,80.9585724285,99886500.0
2012-05-14,AAPL,80.3671417142,79.7457122856,88156600.0
2012-05-15,AAPL,80.2071457142,79.0242844285,119084000.0
2012-05-16,AAPL,79.1500015713,78.0114288571,140224000.0
2012-05-17,AAPL,77.9014282856,75.7314299999,179305000.0
2012-05-18,AAPL,76.2799987142,75.7685699999,183073100.0
2012-05-21,AAPL,76.3571395714,80.1828537142,157776500.0
2012-05-22,AAPL,81.3642882856,79.5671462856,173717600.0
2012-05-23,AAPL,79.6428604285,81.5085678571,146224400.0
2012-05-24,AAPL,82.2671432856,80.7600021428,124057500.0
2012-05-25,AAPL,80.6557159999,80.3271408571,82126800.0
2012-05-29,AAPL,81.5571441428,81.7528534285,95127200.0
2012-05-30,AAPL,81.3142852856,82.7385711428,132357400.0
2012-05-31,AAPL,82.9628601428,82.5328598571,122918600.0
2012-06-01,AAPL,81.3085708571,80.1414261428,130246900.0
2012-06-04,AAPL,80.2142868571,80.6128539999,139248900.0
2012-06-05,AAPL,80.1814269999,80.4042892856,97053600.0
2012-06-06,AAPL,81.1100005713,81.6371459999,100363900.0
2012-06-07,AAPL,82.4700012856,81.6742858571,94941700.0
2012-06-08,AAPL,81.6571425713,82.9028548571,86879100.0
2012-06-11,AAPL,83.9599991428,81.5957107142,147816200.0
2012-06-12,AAPL,82.0657119999,82.3085708571,108845100.0
2012-06-13,AAPL,82.0742874285,81.7371444285,73395000.0
2012-06-14,AAPL,81.6057128571,81.6471405713,86393300.0
2012-06-15,AAPL,81.5714264285,82.0185699999,83813800.0
2012-06-18,AAPL,81.5657119999,83.6828537142,110103000.0
2012-06-19,AAPL,83.3428574285,83.9157181428,90351100.0
2012-06-20,AAPL,84.0299987142,83.6771392856,89735800.0
2012-06-21,AAPL,83.6342849999,82.5242844285,81587800.0
2012-06-22,AAPL,82.7200012856,83.1571425713,71117900.0
2012-06-25,AAPL,82.4714278571,81.5385742856,76095600.0
2012-06-26,AAPL,81.6185684285,81.7185745713,69134100.0
2012-06-27,AAPL,82.1428604285,82.0714264285,50749300.0
2012-06-28,AAPL,81.6671447142,81.2928542856,70709100.0
2012-06-29,AAPL,82.5714264285,83.4285735713,105375200.0
2012-07-02,AAPL,83.5328598571,84.6457138571,100023000.0
2012-07-03,AAPL,84.9828567142,85.6299972856,60428200.0
2012-07-05,AAPL,85.7942885713,87.1342849999,121095800.0
2012-07-06,AAPL,86.7271422856,86.5542831428,104732600.0
2012-07-09,AAPL,86.4714278571,87.6985702856,94851400.0
2012-07-10,AAPL,88.2814254285,86.8871459999,127989400.0
2012-07-11,AAPL,86.5885695713,86.3471451428,117330500.0
2012-07-12,AAPL,85.7485732856,85.5571441428,107010400.0
2012-07-13,AAPL,86.1357117142,86.4242858571,77856800.0
2012-07-16,AAPL,86.4457168571,86.7014312856,75315100.0
2012-07-17,AAPL,87.2557144285,86.7057114285,73406200.0
2012-07-18,AAPL,86.6557159999,86.6085738571,63175000.0
2012-07-19,AAPL,87.3257141428,87.7600021428,109215400.0
2012-07-20,AAPL,87.5757141428,86.3285751428,99367800.0
2012-07-23,AAPL,84.9142837142,86.2614288571,121993900.0
2012-07-24,AAPL,86.7685699999,85.8457107142,141283100.0
2012-07-25,AAPL,82.0657119999,82.1385727142,219328200.0
2012-07-26,AAPL,82.8228607142,82.1257171428,101658200.0
2012-07-27,AAPL,82.1442871428,83.5942839999,100984100.0
2012-07-30,AAPL,84.4171447142,85.0042877142,94785600.0
2012-07-31,AAPL,86.1757125713,87.2514267142,115581900.0
2012-08-01,AAPL,87.9871444285,86.6871414285,96125400.0
2012-08-02,AAPL,86.1200027142,86.8271408571,83039600.0
2012-08-03,AAPL,87.6614304285,87.9571457142,86230200.0
2012-08-06,AAPL,88.1842879999,88.9357147142,75525800.0
2012-08-07,AAPL,88.9671401428,88.7014312856,72611700.0
2012-08-08,AAPL,88.4842834285,88.5514297142,61176500.0
2012-08-09,AAPL,88.2642822856,88.6757125713,55410600.0
2012-08-10,AAPL,88.3871459999,88.8142852856,48734700.0
2012-08-13,AAPL,89.0557174285,89.9999999999,69708100.0
2012-08-14,AAPL,90.2671432856,90.2414321428,85042300.0
2012-08-15,AAPL,90.1857147142,90.1185684285,64335600.0
2012-08-16,AAPL,90.1728591428,90.9057159999,63633500.0
2012-08-17,AAPL,91.4285735713,92.5871429999,110690300.0
2012-08-20,AAPL,92.8585738571,95.0214309999,153346200.0
2012-08-21,AAPL,95.8314285713,93.7228545713,203179900.0
2012-08-22,AAPL,93.4885711428,95.5528564285,141330700.0
2012-08-23,AAPL,95.1585692856,94.6614304285,105032200.0
2012-08-24,AAPL,94.2157135713,94.7457122856,109335100.0
2012-08-27,AAPL,97.1414261428,96.5257109999,106752100.0
2012-08-28,AAPL,96.4257125713,96.4000015713,66854200.0
2012-08-29,AAPL,96.464286857,96.2099991428,50701700.0
2012-08-30,AAPL,95.8057174285,94.8385695713,75674900.0
2012-08-31,AAPL,95.3214264285,95.0342864285,84580300.0
2012-09-04,AAPL,95.108573857,96.424285857,91973000.0
2012-09-05,AAPL,96.5100021428,95.7471465713,84093800.0
2012-09-06,AAPL,96.1671447142,96.6100005713,97799100.0
2012-09-07,AAPL,96.8642882856,97.2057114285,82416600.0
2012-09-10,AAPL,97.2071457142,94.6771392856,121999500.0
2012-09-11,AAPL,95.0157165713,94.3700027142,125995800.0
2012-09-12,AAPL,95.2642822856,95.6842879999,178058300.0
2012-09-13,AAPL,96.7671432856,97.5685729999,149590000.0
2012-09-14,AAPL,98.5657119999,98.7542877142,150118500.0
2012-09-17,AAPL,99.9071425713,99.9685745713,99507800.0
2012-09-18,AAPL,99.9828567142,100.272857714,93375800.0
2012-09-19,AAPL,100.037139857,100.300003,81718700.0
2012-09-20,AAPL,99.8799972856,99.8142852856,84142100.0
2012-09-21,AAPL,100.344284,100.012855571,142897300.0
2012-09-24,AAPL,98.1228561428,98.6842879999,159941600.0
2012-09-25,AAPL,98.3228607142,96.2200012856,129697400.0
2012-09-26,AAPL,95.5342864285,95.0257109999,144125800.0
2012-09-27,AAPL,94.898574857,97.3314285713,148522500.0
2012-09-28,AAPL,96.964286857,95.3000029999,133777700.0
2012-10-01,AAPL,95.8799972856,94.1985702856,135898700.0
2012-10-02,AAPL,94.5442885713,94.4728545713,156998100.0
2012-10-03,AAPL,94.9800032856,95.921424857,106070300.0
2012-10-04,AAPL,95.8928604285,95.2571411428,92681400.0
2012-10-05,AAPL,95.0285721428,93.2271422856,148501500.0
2012-10-08,AAPL,92.4114304285,91.1671447142,159498500.0
2012-10-09,AAPL,91.2357177142,90.8357162856,209649300.0
2012-10-10,AAPL,91.3914261428,91.5585708571,127589000.0
2012-10-11,AAPL,92.3571395713,89.7285689999,136520300.0
2012-10-12,AAPL,89.9371414285,89.9585724285,115003700.0
2012-10-15,AAPL,90.3357162856,90.6800002856,108125500.0
2012-10-16,AAPL,90.7671432856,92.8271408571,137442900.0
2012-10-17,AAPL,92.6957168571,92.0871429999,97259400.0
2012-10-18,AAPL,91.3700027142,90.3771438571,119156100.0
2012-10-19,AAPL,90.1500015713,87.1200027142,186021500.0
2012-10-22,AAPL,87.4885711428,90.5757141428,136682700.0
2012-10-23,AAPL,90.1428604285,87.6228561428,176786400.0
2012-10-24,AAPL,88.7771454285,88.1185684285,139631800.0
2012-10-25,AAPL,88.5714264285,87.0771408571,164081400.0
2012-10-26,AAPL,87.0614318571,86.2857131428,254608200.0
2012-10-31,AAPL,84.9828567142,85.0457152856,127500800.0
2012-11-01,AAPL,85.4599991428,85.2200012856,90324500.0
2012-11-02,AAPL,85.1271438571,82.4000015713,149843400.0
2012-11-05,AAPL,83.3600005713,83.5171432856,132283900.0
2012-11-06,AAPL,84.3185729999,83.2642822856,93729300.0
2012-11-07,AAPL,81.9771422856,79.7142868571,198412200.0
2012-11-08,AAPL,80.0899962856,76.8214264285,264036500.0
2012-11-09,AAPL,77.2028579999,78.1514282856,232478400.0
2012-11-12,AAPL,79.1642837142,77.5471419999,128950500.0
2012-11-13,AAPL,76.9871444285,77.5571441428,133237300.0
2012-11-14,AAPL,77.9285735714,76.6971435714,119292600.0
2012-11-15,AAPL,76.7900008571,75.0885695714,197477700.0
2012-11-16,AAPL,75.0285721428,75.3828582856,316723400.0
2012-11-19,AAPL,77.2442855714,80.8185729999,205829400.0
2012-11-20,AAPL,81.7014312856,80.1299972856,160688500.0
2012-11-21,AAPL,80.6071395713,80.2428588571,93250500.0
2012-11-23,AAPL,81.0242844285,81.6428604285,68206600.0
2012-11-26,AAPL,82.2714309999,84.2185745713,157644900.0
2012-11-27,AAPL,84.2214278571,83.5400008571,133332500.0
2012-11-28,AAPL,82.4671401428,83.2771454285,130216100.0
2012-11-29,AAPL,84.3171462856,84.1942825713,128674700.0
2012-11-30,AAPL,83.8271408571,83.6114272856,97829900.0
2012-12-03,AAPL,84.8071441428,83.7414321428,91070000.0
2012-12-04,AAPL,83.1142882856,82.2642822856,139267100.0
2012-12-05,AAPL,81.2728577142,76.9700012856,261159500.0
2012-12-06,AAPL,75.5628585714,78.1771392856,294303100.0
2012-12-07,AAPL,79.0571441428,76.1785735714,196760200.0
2012-12-10,AAPL,74.9999999999,75.6885681428,157621100.0
2012-12-11,AAPL,77.1100005714,77.3414307142,148086400.0
2012-12-12,AAPL,78.2528534285,76.9999999999,121786000.0
2012-12-13,AAPL,75.8785705714,75.6699981428,156314900.0
2012-12-14,AAPL,73.5357131428,72.8271408571,252394800.0
2012-12-17,AAPL,72.7042847142,74.1185684285,189401800.0
2012-12-18,AAPL,74.9999999999,76.2714309999,156421300.0
2012-12-19,AAPL,75.9242858571,75.1871414285,112342300.0
2012-12-20,AAPL,75.7142868571,74.5328598571,120422400.0
2012-12-21,AAPL,73.2099991428,74.1900024285,149067100.0
2012-12-24,AAPL,74.3357162856,74.3099975714,43938300.0
2012-12-26,AAPL,74.1428604285,73.2857131428,75609100.0
2012-12-27,AAPL,73.3628539999,73.5800018571,113780100.0
2012-12-28,AAPL,72.8985748571,72.7985687142,88569600.0
2012-12-31,AAPL,72.9328537142,76.0242844285,164873100.0
2013-01-02,AAPL,79.1171417142,78.4328537142,140129500.0
2013-01-03,AAPL,78.2685699999,77.4428558571,88241300.0
2013-01-04,AAPL,76.7099991428,75.2857131428,148583400.0
2013-01-07,AAPL,74.5714264285,74.8428574285,121039100.0
2013-01-08,AAPL,75.6014251428,75.0442885714,114676800.0
2013-01-09,AAPL,74.6428604285,73.8714294285,101901100.0
2013-01-10,AAPL,75.5071411428,74.7871398571,150286500.0
2013-01-11,AAPL,74.4285735714,74.3285751428,87626700.0
2013-01-14,AAPL,71.8114318571,71.6785735714,183551900.0
2013-01-15,AAPL,71.1857147142,69.4171447142,219193100.0
2013-01-16,AAPL,70.6628569999,72.2985687142,172701200.0
2013-01-17,AAPL,72.9014282856,71.8114318571,113419600.0
2013-01-18,AAPL,71.2171401428,71.4285735714,118230700.0
2013-01-22,AAPL,72.0800018571,72.1100005714,115386600.0
2013-01-23,AAPL,72.6871414285,73.4300002856,215377400.0
2013-01-24,AAPL,65.7142868571,64.3571395714,365213100.0
2013-01-25,AAPL,64.5271454285,62.8400001428,302006600.0
2013-01-28,AAPL,62.5471419999,64.2614288571,196379400.0
2013-01-29,AAPL,65.4999999999,65.4671401428,142789500.0
2013-01-30,AAPL,65.2857131428,65.2614288571,104288800.0
2013-01-31,AAPL,65.2828598571,65.0699997142,79833600.0
2013-02-01,AAPL,65.5871429999,64.8028564285,134871100.0
2013-02-04,AAPL,64.8442839999,63.1885719999,119279300.0
2013-02-05,AAPL,63.4357147142,65.4057159999,143336900.0
2013-02-06,AAPL,65.2099991428,65.3357162856,148426600.0
2013-02-07,AAPL,66.1785735714,66.8885727142,176145200.0
2013-02-08,AAPL,67.7142868571,67.8542861428,158289600.0
2013-02-11,AAPL,68.0714264285,68.5614318571,129372600.0
2013-02-12,AAPL,68.5014267142,66.8428574285,152263300.0
2013-02-13,AAPL,66.7442855714,66.7157135714,118801900.0
2013-02-14,AAPL,66.3600005714,66.6557159999,88818800.0
2013-02-15,AAPL,66.9785689999,65.7371444285,97936300.0
2013-02-19,AAPL,65.8714294285,65.7128601428,108945900.0
2013-02-20,AAPL,65.3842849999,64.1214294285,119075600.0
2013-02-21,AAPL,63.7142868571,63.7228584285,111795600.0
2013-02-22,AAPL,64.1785735714,64.4014282856,82663700.0
2013-02-25,AAPL,64.8357162856,63.2571411428,93144800.0
2013-02-26,AAPL,63.4028587142,64.1385727142,125374900.0
2013-02-27,AAPL,64.0614318571,63.5099982857,146837600.0
2013-02-28,AAPL,63.4357147142,63.0571441428,80628800.0
2013-03-01,AAPL,62.5714301428,61.4957161428,138112100.0
2013-03-04,AAPL,61.1142845714,60.0071411428,145688900.0
2013-03-05,AAPL,60.2114295714,61.5914268571,159608400.0
2013-03-06,AAPL,62.0728568571,60.8085708571,115062500.0
2013-03-07,AAPL,60.6428565714,61.5114288571,117118400.0
2013-03-08,AAPL,61.4000015714,61.6742858571,97870500.0
2013-03-11,AAPL,61.3928565714,62.5528564285,118559000.0
2013-03-12,AAPL,62.2285728571,61.2042847142,116477900.0
2013-03-13,AAPL,61.2071418571,61.1928558571,101387300.0
2013-03-14,AAPL,61.8328589999,61.7857131428,75968900.0
2013-03-15,AAPL,62.5614279999,63.3800009999,160990200.0
2013-03-18,AAPL,63.0642852857,65.1028594285,151549300.0
2013-03-19,AAPL,65.6428604285,64.9271392856,131693800.0
2013-03-20,AAPL,65.3457107142,64.5828552856,77165200.0
2013-03-21,AAPL,64.3171462856,64.6757125714,95813900.0
2013-03-22,AAPL,64.9400024285,65.9871444285,98776300.0
2013-03-25,AAPL,66.3842849999,66.2257155714,125283900.0
2013-03-26,AAPL,66.4914321428,65.8771438571,73573500.0
2013-03-27,AAPL,65.2085724285,64.5828552856,82809300.0
2013-03-28,AAPL,64.2600021428,63.2371444285,110709900.0
2013-04-01,AAPL,63.1285705714,61.2728577142,97433000.0
2013-04-02,AAPL,61.0857124285,61.3985709999,132379800.0
2013-04-03,AAPL,61.6242867142,61.7128562857,90804000.0
2013-04-04,AAPL,61.9657135714,61.1028557142,89611900.0
2013-04-05,AAPL,60.6428565714,60.4571418571,95923800.0
2013-04-08,AAPL,60.6928558571,60.8871421428,75207300.0
2013-04-09,AAPL,60.9085731428,60.9971428571,76653500.0
2013-04-10,AAPL,61.1571425714,62.2414284285,93982000.0
2013-04-11,AAPL,61.9599991428,62.0471419999,82091100.0
2013-04-12,AAPL,62.0214271428,61.4000015714,59653300.0
2013-04-15,AAPL,60.9999999999,59.9785728571,79380000.0
2013-04-16,AAPL,60.2242851428,60.8914298571,76442800.0
2013-04-17,AAPL,60.0385704285,57.5428581428,236264000.0
2013-04-18,AAPL,57.8557128571,56.0071411428,166574800.0
2013-04-19,AAPL,55.4242858571,55.7900008571,152318600.0
2013-04-22,AAPL,56.0914268571,56.9528579999,107480100.0
2013-04-23,AAPL,57.7128562857,58.0185699999,166059600.0
2013-04-24,AAPL,56.2200012857,57.9228554285,242412800.0
2013-04-25,AAPL,58.7471428571,58.3400001428,96209400.0
2013-04-26,AAPL,58.5442848571,59.5999984285,191024400.0
2013-04-29,AAPL,60.0642852857,61.4457129999,160081600.0
2013-04-30,AAPL,62.1571425714,63.2542838571,172884600.0
2013-05-01,AAPL,63.4942855714,62.7557144285,126727300.0
2013-05-02,AAPL,63.1114272857,63.6457138571,105457100.0
2013-05-03,AAPL,64.4728545714,64.2828598571,90325200.0
2013-05-06,AAPL,65.1014251428,65.8157119999,124160400.0
2013-05-07,AAPL,66.4242858571,65.5228577142,120938300.0
2013-05-08,AAPL,65.5771408571,66.2628555714,118149500.0
2013-05-09,AAPL,65.6871414285,65.2528534285,99621900.0
2013-05-10,AAPL,65.4242858571,64.7099991428,83713000.0
2013-05-13,AAPL,64.5014267142,64.9628601428,79237200.0
2013-05-14,AAPL,64.8357162856,63.4085731428,111779500.0
2013-05-15,AAPL,62.7371444285,61.2642859999,185403400.0
2013-05-16,AAPL,60.4628562857,62.0828589999,150801000.0
2013-05-17,AAPL,62.7214278571,61.8942871428,106976100.0
2013-05-20,AAPL,61.7014274285,63.2757148571,112894600.0
2013-05-21,AAPL,62.5928574285,62.8085708571,114005500.0
2013-05-22,AAPL,63.4357147142,63.0499992857,110759600.0
2013-05-23,AAPL,62.2785721428,63.1628569999,88255300.0
2013-05-24,AAPL,62.9785728571,63.5928574285,69041700.0
2013-05-28,AAPL,64.2714309999,63.0628585714,96536300.0
2013-05-29,AAPL,62.8571434285,63.5642852857,82644100.0
2013-05-30,AAPL,63.6642875714,64.5114288571,88379900.0
2013-05-31,AAPL,64.6428604285,64.2471465714,96075700.0
2013-06-03,AAPL,64.3899994285,64.3885727142,93088100.0
2013-06-04,AAPL,64.7457122856,64.1871414285,73182200.0
2013-06-05,AAPL,63.6642875714,63.5871429999,72647400.0
2013-06-06,AAPL,63.6385727142,62.6371421428,104233500.0
2013-06-07,AAPL,62.3571434285,63.1157149999,101133900.0
2013-06-10,AAPL,63.5328559999,62.6985702857,112538300.0
2013-06-11,AAPL,62.2485732857,62.5142859999,71528100.0
2013-06-12,AAPL,62.7857131428,61.7414284285,66306800.0
2013-06-13,AAPL,61.7857131428,62.2799987142,71458100.0
2013-06-14,AAPL,62.2000007142,61.4357147142,67966500.0
2013-06-17,AAPL,61.6342849999,61.7142868571,64853600.0
2013-06-18,AAPL,61.6514282857,61.6814269999,48756400.0
2013-06-19,AAPL,61.6285705714,60.4285698571,77735000.0
2013-06-20,AAPL,59.9000015714,59.5485725714,89327700.0
2013-06-21,AAPL,59.7842864285,59.0714301428,120279600.0
2013-06-24,AAPL,58.2000007142,57.5057144285,120186500.0
2013-06-25,AAPL,57.9571418571,57.5185699999,78540700.0
2013-06-26,AAPL,57.7000007142,56.8671417142,91931000.0
2013-06-27,AAPL,57.0357131428,56.2542838571,84311500.0
2013-06-28,AAPL,55.9085731428,56.6471442857,144629100.0
2013-07-01,AAPL,57.5271415714,58.4599991428,97763400.0
2013-07-02,AAPL,58.5657158571,59.7842864285,117466300.0
2013-07-03,AAPL,60.1228561428,60.1142845714,60232200.0
2013-07-05,AAPL,60.0557137142,59.6314277142,68506200.0
2013-07-08,AAPL,60.0157127142,59.2928581428,74534600.0
2013-07-09,AAPL,59.0857124285,60.3357124285,88146100.0
2013-07-10,AAPL,59.9428558571,60.1042861428,70351400.0
2013-07-11,AAPL,60.4214287142,61.0414275714,81573100.0
2013-07-12,AAPL,61.0928574285,60.9300002857,69890800.0
2013-07-15,AAPL,60.7157135714,61.0628585714,60479300.0
2013-07-16,AAPL,60.9314269999,61.4571418571,54134500.0
2013-07-17,AAPL,61.3857154285,61.4728584285,49747600.0
2013-07-18,AAPL,61.9114304285,61.6800002857,54719700.0
2013-07-19,AAPL,61.8714294285,60.7071418571,67180400.0
2013-07-22,AAPL,61.3514289999,60.9014282857,51949100.0
2013-07-23,AAPL,60.8571434285,59.8557128571,92348900.0
2013-07-24,AAPL,62.7042847142,62.9300002857,147984200.0
2013-07-25,AAPL,62.9571418571,62.6428565714,57373400.0
2013-07-26,AAPL,62.1857147142,62.9985732857,50038100.0
2013-07-29,AAPL,62.9714278571,63.9700012857,62014400.0
2013-07-30,AAPL,64.2799987142,64.7600021428,77355600.0
2013-07-31,AAPL,64.9985732856,64.6471405714,80739400.0
2013-08-01,AAPL,65.1071395714,65.2399978571,51562700.0
2013-08-02,AAPL,65.4300002856,66.0771408571,68695900.0
2013-08-05,AAPL,66.3842849999,67.0642852856,79713900.0
2013-08-06,AAPL,66.8600005714,66.4642868571,83714400.0
2013-08-07,AAPL,66.2571411428,66.4257125714,74714500.0
2013-08-08,AAPL,66.2657165714,65.8585738571,63944300.0
2013-08-09,AAPL,65.5199967142,64.9214248571,66716300.0
2013-08-12,AAPL,65.2657165714,66.7657165714,91108500.0
2013-08-13,AAPL,67.2771454285,69.9385681428,220485300.0
2013-08-14,AAPL,71.1257171428,71.2142868571,189093100.0
2013-08-15,AAPL,70.9171447142,71.1299972856,122573500.0
2013-08-16,AAPL,71.4499969999,71.7614288571,90576500.0
2013-08-19,AAPL,72.0485687142,72.5342864285,127629600.0
2013-08-20,AAPL,72.8157119999,71.5814285714,89672100.0
2013-08-21,AAPL,71.9414291428,71.7657165714,83969900.0
2013-08-22,AAPL,72.1399994285,71.8514251428,61051900.0
2013-08-23,AAPL,71.8957138571,71.5742874285,55682900.0
2013-08-26,AAPL,71.5357131428,71.8528594285,82741400.0
2013-08-27,AAPL,71.1428604285,69.7985687142,106047200.0
2013-08-28,AAPL,69.4285735714,70.1285705714,76902000.0
2013-08-29,AAPL,70.2357177142,70.2428588571,59914400.0
2013-08-30,AAPL,70.2857131428,69.6028594285,68074300.0
2013-09-03,AAPL,70.4428558571,69.7971419999,82982200.0
2013-09-04,AAPL,71.3657149999,71.2414321428,86258200.0
2013-09-05,AAPL,71.4642868571,70.7528534285,59091900.0
2013-09-06,AAPL,71.2057114285,71.1742858571,89881400.0
2013-09-09,AAPL,72.1428604285,72.3099975714,85171800.0
2013-09-10,AAPL,72.3142852856,70.6628569999,185798900.0
2013-09-11,AAPL,66.7157135714,66.8157119999,224674100.0
2013-09-12,AAPL,66.9285735714,67.5271454285,101012800.0
2013-09-13,AAPL,67.0485687142,66.4142837142,74708900.0
2013-09-16,AAPL,65.8571395714,64.3028564285,135926700.0
2013-09-17,AAPL,63.9942855714,65.0457152856,99845200.0
2013-09-18,AAPL,66.1685714285,66.3828582856,114215500.0
2013-09-19,AAPL,67.2428588571,67.4714278571,101135300.0
2013-09-20,AAPL,68.2857131428,66.7728577142,174825700.0
2013-09-23,AAPL,70.8714294285,70.0914307142,190526700.0
2013-09-24,AAPL,70.6971435714,69.8714294285,91086100.0
2013-09-25,AAPL,69.8857117142,68.7900008571,79239300.0
2013-09-26,AAPL,69.4285735714,69.4599991428,59305400.0
2013-09-27,AAPL,69.1114272856,68.9642868571,57010100.0
2013-09-30,AAPL,68.1785735714,68.1071395714,65039100.0
2013-10-01,AAPL,68.3499984285,69.7085724285,88470900.0
2013-10-02,AAPL,69.3757171428,69.9371414285,72296000.0
2013-10-03,AAPL,70.0728607142,69.0585708571,80688300.0
2013-10-04,AAPL,69.1228561428,69.0042877142,64717100.0
2013-10-07,AAPL,69.5085678571,69.6785735714,78073100.0
2013-10-08,AAPL,69.9914321428,68.7057114285,72729300.0
2013-10-09,AAPL,69.2342834285,69.5128555714,75431300.0
2013-10-10,AAPL,70.1885681428,69.9485702856,69650700.0
2013-10-11,AAPL,69.5699997142,70.4014282856,66934700.0
2013-10-14,AAPL,69.9757155714,70.8628539999,65474500.0
2013-10-15,AAPL,71.0728607142,71.2399978571,80018400.0
2013-10-16,AAPL,71.5414275714,71.5871429999,62775300.0
2013-10-17,AAPL,71.4257125714,72.0714264285,63398300.0
2013-10-18,AAPL,72.2842864285,72.6985702856,72635500.0
2013-10-21,AAPL,73.1100005714,74.4800032856,99526700.0
2013-10-22,AAPL,75.2014312856,74.2671432856,133515900.0
2013-10-23,AAPL,74.1428604285,74.9942855714,78430800.0
2013-10-24,AAPL,74.9999999999,75.9871444285,96191200.0
2013-10-25,AAPL,75.9028548571,75.1371459999,84448000.0
2013-10-28,AAPL,75.5771408571,75.6971435714,137610200.0
2013-10-29,AAPL,76.6100005714,73.8114318571,158951800.0
2013-10-30,AAPL,74.2300032856,74.9857177142,88540900.0
2013-10-31,AAPL,74.9999999999,74.6714248571,68924100.0
2013-11-01,AAPL,74.8600005714,74.2900008571,68722500.0
2013-11-04,AAPL,74.4428558571,75.2499999999,61156900.0
2013-11-05,AAPL,74.9400024285,75.0642852856,66303300.0
2013-11-06,AAPL,74.8785705714,74.4171447142,55843900.0
2013-11-07,AAPL,74.2257155714,73.2128601428,65655100.0
2013-11-08,AAPL,73.5114288571,74.3657149999,69829200.0
2013-11-11,AAPL,74.2842864285,74.1500015714,56863100.0
2013-11-12,AAPL,73.9528579999,74.2871398571,51069200.0
2013-11-13,AAPL,73.9999999999,74.3757171428,49305200.0
2013-11-14,AAPL,74.6871414285,75.4514312856,70604800.0
2013-11-15,AAPL,75.2257155714,74.9985732856,79480100.0
2013-11-18,AAPL,74.9985732856,74.0899962856,61236000.0
2013-11-19,AAPL,74.1471405714,74.2214278571,52234700.0
2013-11-20,AAPL,74.1757125714,73.5714264285,48479200.0
2013-11-21,AAPL,73.9428558571,74.4485702856,65506700.0
2013-11-22,AAPL,74.2171401428,74.2571411428,55931400.0
2013-11-25,AAPL,74.4314269999,74.8199997142,57327900.0
2013-11-26,AAPL,74.8742828571,76.1999969999,100345700.0
2013-11-27,AAPL,76.6157149999,77.9942855714,90862100.0
2013-11-29,AAPL,78.4971465714,79.4385681428,79531900.0
2013-12-02,AAPL,79.7142868571,78.7471465713,118136200.0
2013-12-03,AAPL,79.7571411428,80.9028548571,112742000.0
2013-12-04,AAPL,80.7857131428,80.7142868571,94452400.0
2013-12-05,AAPL,81.8071441428,81.1285705713,111895000.0
2013-12-06,AAPL,80.8271408571,80.0028534285,86088100.0
2013-12-09,AAPL,80.1285705713,80.9185714285,80123400.0
2013-12-10,AAPL,80.5114288571,80.7928542856,69567400.0
2013-12-11,AAPL,80.9999999999,80.1942825713,89929700.0
2013-12-12,AAPL,80.3057174285,80.0771408571,65572500.0
2013-12-13,AAPL,80.4071425713,79.2042847142,83205500.0
2013-12-16,AAPL,79.2885742856,79.6428604285,70648200.0
2013-12-17,AAPL,79.4014282856,79.2842864285,57475600.0
2013-12-18,AAPL,78.5285721428,78.6814269999,141465800.0
2013-12-19,AAPL,78.4999999999,77.7799987142,80077200.0
2013-12-20,AAPL,77.9185714285,78.4314269999,109103400.0
2013-12-23,AAPL,81.1428604285,81.4414291428,125326600.0
2013-12-24,AAPL,81.4128569999,81.0957107142,41888700.0
2013-12-26,AAPL,81.1571425713,80.5571441428,51002000.0
2013-12-27,AAPL,80.5457152856,80.0128555713,56471100.0
2013-12-30,AAPL,79.6371459999,79.2171401428,63407400.0
2013-12-31,AAPL,79.1671447142,80.1457138571,55771100.0
2014-01-02,AAPL,79.3828582856,79.0185699999,58671200.0
2014-01-03,AAPL,78.9800032856,77.2828598571,98116900.0
2014-01-06,AAPL,76.7785721428,77.7042847142,103152700.0
2014-01-07,AAPL,77.7600021428,77.1485748571,79302300.0
2014-01-08,AAPL,76.9728545714,77.6371459999,64632400.0
2014-01-09,AAPL,78.1142882856,76.6457138571,69787200.0
2014-01-10,AAPL,77.1185684285,76.1342849999,76244000.0
2014-01-13,AAPL,75.7014312856,76.5328598571,94623200.0
2014-01-14,AAPL,76.8885727142,78.0557174285,83140400.0
2014-01-15,AAPL,79.0742874285,79.6228561428,97909700.0
2014-01-16,AAPL,79.2714309999,79.1785735713,57319500.0
2014-01-17,AAPL,78.7828598571,77.2385711428,106684900.0
2014-01-21,AAPL,77.2842864285,78.4385681428,82131700.0
2014-01-22,AAPL,78.7014312856,78.7871398571,94996300.0
2014-01-23,AAPL,78.5628585714,79.4542847142,100809800.0
2014-01-24,AAPL,79.1428604285,78.0100021428,107338700.0
2014-01-27,AAPL,78.5814285714,78.6428604285,138719700.0
2014-01-28,AAPL,72.6800002856,72.3571395714,266380800.0
2014-01-29,AAPL,71.9928588571,71.5357131428,125702500.0
2014-01-30,AAPL,71.7914275714,71.3971405714,169625400.0
2014-01-31,AAPL,70.7399978571,71.5142822856,116199300.0
2014-02-03,AAPL,71.8014297142,71.6471405714,100366000.0
2014-02-04,AAPL,72.2642822856,72.6842879999,94170300.0
2014-02-05,AAPL,72.3657149999,73.2271422856,82086200.0
2014-02-06,AAPL,72.8657149999,73.2157135714,64441300.0
2014-02-07,AAPL,74.4828567142,74.2399978571,92570100.0
2014-02-10,AAPL,74.0942839999,75.5699997142,86389800.0
2014-02-11,AAPL,75.8014297142,76.5657119999,70564200.0
2014-02-12,AAPL,76.7071457142,76.5599975714,77025200.0
2014-02-13,AAPL,76.3799972856,77.7757109999,76849500.0
2014-02-14,AAPL,77.4957122856,77.7128601428,68231100.0
2014-02-18,AAPL,77.9999999999,77.9985732856,65062900.0
2014-02-19,AAPL,77.8214264285,76.7671432856,78442000.0
2014-02-20,AAPL,76.1414261428,75.8785705714,76464500.0
2014-02-21,AAPL,76.1128539999,75.0357131428,69696200.0
2014-02-24,AAPL,74.7357177142,75.3642882856,72227400.0
2014-02-25,AAPL,75.6257171428,74.5800018571,57988000.0
2014-02-26,AAPL,74.8014297142,73.9071425714,69054300.0
2014-02-27,AAPL,73.8771438571,75.3814315714,75470500.0
2014-02-28,AAPL,75.5828552856,75.1771392856,92992200.0
2014-03-03,AAPL,74.7742844285,75.3942871428,59695300.0
2014-03-04,AAPL,75.8571395714,75.8914261428,64785000.0
2014-03-05,AAPL,75.8457107142,76.0514297142,50015700.0
2014-03-06,AAPL,76.1128539999,75.8214264285,46372200.0
2014-03-07,AAPL,75.8700027142,75.7771454285,55182400.0
2014-03-10,AAPL,75.4800032856,75.8457107142,44646000.0
2014-03-11,AAPL,76.4928588571,76.5842818571,69806100.0
2014-03-12,AAPL,76.3585738571,76.6585692856,49831600.0
2014-03-13,AAPL,76.7771454285,75.8071441428,64435700.0
2014-03-14,AAPL,75.5414275714,74.9557114285,59299800.0
2014-03-17,AAPL,75.3857117142,75.2485732856,49886200.0
2014-03-18,AAPL,75.1285705714,75.9142837142,52411800.0
2014-03-19,AAPL,76.0371398571,75.8942871428,56189000.0
2014-03-20,AAPL,75.6985702856,75.5285721428,52099600.0
2014-03-21,AAPL,75.9899978571,76.1242828571,93511600.0
2014-03-24,AAPL,76.9171447142,77.0271454285,88925200.0
2014-03-25,AAPL,77.3571395714,77.8557128571,70573300.0
2014-03-26,AAPL,78.0742874285,77.1114272856,74942000.0
2014-03-27,AAPL,77.1457138571,76.7799987142,55507900.0
2014-03-28,AAPL,76.9028548571,76.6942825714,50141000.0
2014-03-31,AAPL,77.0328598571,76.6771392856,42167300.0
2014-04-01,AAPL,76.8228607142,77.3785705714,50190000.0
2014-04-02,AAPL,77.4828567142,77.5071411428,45105200.0
2014-04-03,AAPL,77.3414307142,76.9700012856,40586000.0
2014-04-04,AAPL,77.1157149999,75.9742889999,68812800.0
2014-04-07,AAPL,75.4314269999,74.7814254285,72462600.0
2014-04-08,AAPL,75.0271454285,74.7771454285,60972100.0
2014-04-09,AAPL,74.6628569999,75.7600021428,51542400.0
2014-04-10,AAPL,75.8114318571,74.7828598571,59913000.0
2014-04-11,AAPL,74.1428604285,74.2300032856,67929400.0
2014-04-14,AAPL,74.5571441428,74.5257109999,51418500.0
2014-04-15,AAPL,74.3242874285,73.9942855714,66622500.0
2014-04-16,AAPL,74.0071411428,74.1442871428,53691400.0
2014-04-17,AAPL,74.2857131428,74.9914321428,71083600.0
2014-04-21,AAPL,75.0485687142,75.8814315714,45637200.0
2014-04-22,AAPL,75.4728545714,75.9571457142,50640800.0
2014-04-23,AAPL,75.5800018571,74.9642868571,98735000.0
2014-04-24,AAPL,81.1728591428,81.1100005713,189977900.0
2014-04-25,AAPL,80.6471405713,81.7057114285,97568800.0
2014-04-28,AAPL,81.8285751428,84.8700027142,167371400.0
2014-04-29,AAPL,84.8199997142,84.6185684285,84344400.0
2014-04-30,AAPL,84.6628569999,84.2985687142,114160200.0
2014-05-01,AAPL,84.5714264285,84.4971465713,61012000.0
2014-05-02,AAPL,84.6200027142,84.6542892856,47878600.0
2014-05-05,AAPL,84.3057174285,85.8514251428,71766800.0
2014-05-06,AAPL,85.9714278571,84.9157181428,93641100.0
2014-05-07,AAPL,85.0357131428,84.6185684285,70716100.0
2014-05-08,AAPL,84.0357131428,83.9985732856,57574300.0
2014-05-09,AAPL,83.5057144285,83.6485748571,72899400.0
2014-05-12,AAPL,83.9271392856,84.6900024285,53302200.0
2014-05-13,AAPL,84.5714264285,84.8228607142,39934300.0
2014-05-14,AAPL,84.6328582856,84.8385695713,41601000.0
2014-05-15,AAPL,84.9571457142,84.1171417142,57711500.0
2014-05-16,AAPL,84.0899962856,85.3585738571,69064100.0
2014-05-19,AAPL,85.4071425713,86.3700027142,79438800.0
2014-05-20,AAPL,86.3585738571,86.3871459999,58709000.0
2014-05-21,AAPL,86.2614288571,86.6157149999,49214900.0
2014-05-22,AAPL,86.6571425713,86.7528534285,50190000.0
2014-05-23,AAPL,86.7499999999,87.7328567142,58052400.0
2014-05-27,AAPL,87.9828567142,89.3757171428,87216500.0
2014-05-28,AAPL,89.4314269999,89.1442871428,78870400.0
2014-05-29,AAPL,89.6928558571,90.7685699999,94118500.0
2014-05-30,AAPL,91.1399994285,90.4285735713,141005200.0
2014-06-02,AAPL,90.5657119999,89.8071441428,92337700.0
2014-06-03,AAPL,89.7799987142,91.0771408571,73177300.0
2014-06-04,AAPL,91.0628585713,92.1171417142,83870500.0
2014-06-05,AAPL,92.3142852856,92.4785689999,75951400.0
2014-06-06,AAPL,92.8428574285,92.2242889999,87484600.0
2014-06-09,AAPL,92.699997,93.699997,75415000.0
2014-06-10,AAPL,94.730003,94.25,62777000.0
2014-06-11,AAPL,94.129997,93.860001,45681000.0
2014-06-12,AAPL,94.040001,92.290001,54749000.0
2014-06-13,AAPL,92.199997,91.279999,54525000.0
2014-06-16,AAPL,91.510002,92.199997,35561000.0
2014-06-17,AAPL,92.309998,92.080002,29726000.0
2014-06-18,AAPL,92.269997,92.18,33514000.0
2014-06-19,AAPL,92.290001,91.860001,35528000.0
2014-06-20,AAPL,91.849998,90.910004,100898000.0
2014-06-23,AAPL,91.32,90.830002,43694000.0
2014-06-24,AAPL,90.75,90.279999,39036000.0
2014-06-25,AAPL,90.209999,90.360001,36869000.0
2014-06-26,AAPL,90.370003,90.900002,32629000.0
2014-06-27,AAPL,90.82,91.980003,64029000.0
2014-06-30,AAPL,92.099998,92.93,49482300.0
2014-07-01,AAPL,93.519997,93.519997,38223000.0
2014-07-02,AAPL,93.870003,93.480003,28465000.0
2014-07-03,AAPL,93.669998,94.029999,22891800.0
2014-07-07,AAPL,94.139999,95.970001,56468000.0
2014-07-08,AAPL,96.269997,95.349998,65222000.0
2014-07-09,AAPL,95.440002,95.389999,36436000.0
2014-07-10,AAPL,93.760002,95.040001,39686000.0
2014-07-11,AAPL,95.360001,95.220001,34018000.0
2014-07-14,AAPL,95.860001,96.449997,42810000.0
2014-07-15,AAPL,96.800003,95.32,45477900.0
2014-07-16,AAPL,96.970001,94.779999,53396300.0
2014-07-17,AAPL,95.029999,93.089996,57298000.0
2014-07-18,AAPL,93.620003,94.43,49988000.0
2014-07-21,AAPL,94.989998,93.940002,39079000.0
2014-07-22,AAPL,94.68,94.720001,55197000.0
2014-07-23,AAPL,95.419998,97.190002,92918000.0
2014-07-24,AAPL,97.040001,97.029999,45729000.0
2014-07-25,AAPL,96.849998,97.669998,43469000.0
2014-07-28,AAPL,97.82,99.019997,55318000.0
2014-07-29,AAPL,99.330002,98.379997,43143000.0
2014-07-30,AAPL,98.440002,98.150002,33010000.0
2014-07-31,AAPL,97.160004,95.599998,56843000.0
2014-08-01,AAPL,94.900002,96.129997,48511000.0
2014-08-04,AAPL,96.370003,95.589996,39958000.0
2014-08-05,AAPL,95.360001,95.120003,55933000.0
2014-08-06,AAPL,94.75,94.959999,38558000.0
2014-08-07,AAPL,94.93,94.480003,46711000.0
2014-08-08,AAPL,94.260002,94.739998,41865000.0
2014-08-11,AAPL,95.269997,95.989998,36585000.0
2014-08-12,AAPL,96.040001,95.970001,33795000.0
2014-08-13,AAPL,96.150002,97.239998,31916000.0
2014-08-14,AAPL,97.330002,97.5,28116000.0
2014-08-15,AAPL,97.900002,97.980003,48951000.0
2014-08-18,AAPL,98.489998,99.160004,47572000.0
2014-08-19,AAPL,99.410004,100.529999,69399000.0
2014-08-20,AAPL,100.440002,100.57,52699000.0
2014-08-21,AAPL,100.57,100.580002,33478000.0
2014-08-22,AAPL,100.290001,101.32,44184000.0
2014-08-25,AAPL,101.790001,101.540001,40270000.0
2014-08-26,AAPL,101.419998,100.889999,33152000.0
2014-08-27,AAPL,101.019997,102.129997,52369000.0
2014-08-28,AAPL,101.589996,102.25,68460000.0
2014-08-29,AAPL,102.860001,102.5,44595000.0
2014-09-02,AAPL,103.059998,103.300003,53564000.0
2014-09-03,AAPL,103.099998,98.940002,125421000.0
2014-09-04,AAPL,98.849998,98.120003,85718000.0
2014-09-05,AAPL,98.800003,98.970001,58457000.0
2014-09-08,AAPL,99.300003,98.360001,46356700.0
2014-09-09,AAPL,99.080002,97.989998,189846300.0
2014-09-10,AAPL,98.010002,101.0,100869600.0
2014-09-11,AAPL,100.410004,101.43,62353100.0
2014-09-12,AAPL,101.209999,101.660004,62626100.0
2014-09-15,AAPL,102.809998,101.629997,61316500.0
2014-09-16,AAPL,99.800003,100.860001,66908100.0
2014-09-17,AAPL,101.269997,101.580002,60926500.0
2014-09-18,AAPL,101.93,101.790001,37299400.0
2014-09-19,AAPL,102.290001,100.959999,70902400.0
2014-09-22,AAPL,101.800003,101.059998,52788400.0
2014-09-23,AAPL,100.599998,102.639999,63402200.0
2014-09-24,AAPL,102.160004,101.75,60171800.0
2014-09-25,AAPL,100.510002,97.870003,100092000.0
2014-09-26,AAPL,98.529999,100.75,62370500.0
2014-09-29,AAPL,98.650002,100.110001,49766300.0
2014-09-30,AAPL,100.809998,100.75,55264100.0
2014-10-01,AAPL,100.589996,99.18,51491300.0
2014-10-02,AAPL,99.269997,99.900002,47757800.0
2014-10-03,AAPL,99.440002,99.620003,43469600.0
2014-10-06,AAPL,99.949997,99.620003,37051200.0
2014-10-07,AAPL,99.43,98.75,42094200.0
2014-10-08,AAPL,98.760002,100.800003,57404700.0
2014-10-09,AAPL,101.540001,101.019997,77376500.0
2014-10-10,AAPL,100.690002,100.730003,66331600.0
2014-10-13,AAPL,101.330002,99.809998,53583400.0
2014-10-14,AAPL,100.389999,98.75,63688600.0
2014-10-15,AAPL,97.970001,97.540001,100933600.0
2014-10-16,AAPL,95.550003,96.260002,72154500.0
2014-10-17,AAPL,97.5,97.669998,68179700.0
2014-10-20,AAPL,98.32,99.760002,77517300.0
2014-10-21,AAPL,103.019997,102.470001,94623900.0
2014-10-22,AAPL,102.839996,102.989998,68263100.0
2014-10-23,AAPL,104.080002,104.830002,71074700.0
2014-10-24,AAPL,105.18,105.220001,47053900.0
2014-10-27,AAPL,104.849998,105.110001,34187700.0
2014-10-28,AAPL,105.400002,106.739998,48060900.0
2014-10-29,AAPL,106.650002,107.339996,52687900.0
2014-10-30,AAPL,106.959999,106.980003,40654800.0
2014-10-31,AAPL,108.010002,108.0,44639300.0
2014-11-03,AAPL,108.220001,109.400002,52282600.0
2014-11-04,AAPL,109.360001,108.599998,41574400.0
2014-11-05,AAPL,109.099998,108.860001,37435900.0
2014-11-06,AAPL,108.599998,108.699997,34968500.0
2014-11-07,AAPL,108.75,109.010002,33691500.0
2014-11-10,AAPL,109.019997,108.830002,27195500.0
2014-11-11,AAPL,108.699997,109.699997,27442300.0
2014-11-12,AAPL,109.379997,111.25,46942400.0
2014-11-13,AAPL,111.800003,112.82,59522900.0
2014-11-14,AAPL,113.150002,114.18,44063600.0
2014-11-17,AAPL,114.269997,113.989998,46746700.0
2014-11-18,AAPL,113.940002,115.470001,44224000.0
2014-11-19,AAPL,115.440002,114.669998,41869200.0
2014-11-20,AAPL,114.910004,116.309998,43395500.0
2014-11-21,AAPL,117.510002,116.470001,57179300.0
2014-11-24,AAPL,116.849998,118.629997,47450800.0
2014-11-25,AAPL,119.07,117.599998,68840400.0
2014-11-26,AAPL,117.940002,119.0,40768300.0
2014-11-28,AAPL,119.269997,118.93,24814400.0
2014-12-01,AAPL,118.809998,115.07,83814000.0
2014-12-02,AAPL,113.5,114.629997,59348900.0
2014-12-03,AAPL,115.75,115.93,43063400.0
2014-12-04,AAPL,115.769997,115.489998,42044500.0
2014-12-05,AAPL,115.989998,115.0,38318900.0
2014-12-08,AAPL,114.099998,112.400002,57664900.0
2014-12-09,AAPL,110.190002,114.120003,60208000.0
2014-12-10,AAPL,114.410004,111.949997,44565300.0
2014-12-11,AAPL,112.260002,111.620003,41401700.0
2014-12-12,AAPL,110.459999,109.730003,56028100.0
2014-12-15,AAPL,110.699997,108.230003,67218100.0
2014-12-16,AAPL,106.370003,106.75,60790700.0
2014-12-17,AAPL,107.120003,109.410004,53411800.0
2014-12-18,AAPL,111.870003,112.650002,59006200.0
2014-12-19,AAPL,112.260002,111.779999,88429800.0
2014-12-22,AAPL,112.160004,112.940002,45167500.0
2014-12-23,AAPL,113.230003,112.540001,26028400.0
2014-12-24,AAPL,112.580002,112.010002,14479600.0
2014-12-26,AAPL,112.099998,113.989998,33721000.0
2014-12-29,AAPL,113.790001,113.910004,27598900.0
2014-12-30,AAPL,113.639999,112.519997,29881500.0
2014-12-31,AAPL,112.82,110.379997,41403400.0
2015-01-02,AAPL,111.389999,109.330002,53204600.0
2015-01-05,AAPL,108.290001,106.25,64285500.0
2015-01-06,AAPL,106.540001,106.260002,65797100.0
2015-01-07,AAPL,107.199997,107.75,40105900.0
2015-01-08,AAPL,109.230003,111.889999,59364500.0
2015-01-09,AAPL,112.669998,112.010002,53699500.0
2015-01-12,AAPL,112.599998,109.25,49650800.0
2015-01-13,AAPL,111.43,110.220001,67091900.0
2015-01-14,AAPL,109.040001,109.800003,48337000.0
2015-01-15,AAPL,110.0,106.82,60014000.0
2015-01-16,AAPL,107.029999,105.989998,78513300.0
2015-01-20,AAPL,107.839996,108.720001,49899900.0
2015-01-21,AAPL,108.949997,109.550003,48575900.0
2015-01-22,AAPL,110.260002,112.400002,53796400.0
2015-01-23,AAPL,112.300003,112.980003,46464800.0
2015-01-26,AAPL,113.739998,113.099998,55615000.0
2015-01-27,AAPL,112.419998,109.139999,95568700.0
2015-01-28,AAPL,117.629997,115.309998,146477100.0
2015-01-29,AAPL,116.32,118.900002,84436400.0
2015-01-30,AAPL,118.400002,117.160004,83745500.0
2015-02-02,AAPL,118.050003,118.629997,62739100.0
2015-02-03,AAPL,118.5,118.650002,51915700.0
2015-02-04,AAPL,118.5,119.559998,70149700.0
2015-02-05,AAPL,120.019997,119.940002,42246200.0
2015-02-06,AAPL,120.019997,118.93,43706600.0
2015-02-09,AAPL,118.550003,119.720001,38889800.0
2015-02-10,AAPL,120.169998,122.019997,62008500.0
2015-02-11,AAPL,122.769997,124.879997,73561800.0
2015-02-12,AAPL,126.059998,126.459999,74474500.0
2015-02-13,AAPL,127.279999,127.080002,54272200.0
2015-02-17,AAPL,127.489998,127.830002,63152400.0
2015-02-18,AAPL,127.629997,128.720001,44891700.0
2015-02-19,AAPL,128.479996,128.449997,37362400.0
2015-02-20,AAPL,128.619995,129.5,48948400.0
2015-02-23,AAPL,130.020004,133.0,70974100.0
2015-02-24,AAPL,132.940002,132.169998,69228100.0
2015-02-25,AAPL,131.559998,128.789993,74711700.0
2015-02-26,AAPL,128.789993,130.419998,91287500.0
2015-02-27,AAPL,130.0,128.460007,62014800.0
2015-03-02,AAPL,129.25,129.089996,48096700.0
2015-03-03,AAPL,128.960007,129.360001,37816300.0
2015-03-04,AAPL,129.100006,128.539993,31666300.0
2015-03-05,AAPL,128.580002,126.410004,56517100.0
2015-03-06,AAPL,128.399994,126.599998,72842100.0
2015-03-09,AAPL,127.959999,127.139999,88528500.0
2015-03-10,AAPL,126.410004,124.510002,68856600.0
2015-03-11,AAPL,124.75,122.239998,68939000.0
2015-03-12,AAPL,122.309998,124.449997,48362700.0
2015-03-13,AAPL,124.400002,123.589996,51827300.0
2015-03-16,AAPL,123.879997,124.949997,35874300.0
2015-03-17,AAPL,125.900002,127.040001,51023100.0
2015-03-18,AAPL,127.0,128.470001,65270900.0
2015-03-19,AAPL,128.75,127.5,45809500.0
2015-03-20,AAPL,128.25,125.900002,68695100.0
2015-03-23,AAPL,127.120003,127.209999,37709700.0
2015-03-24,AAPL,127.230003,126.690002,32842300.0
2015-03-25,AAPL,126.540001,123.379997,51655200.0
2015-03-26,AAPL,122.760002,124.239998,47572900.0
2015-03-27,AAPL,124.57,123.25,39546200.0
2015-03-30,AAPL,124.050003,126.370003,47099700.0
2015-03-31,AAPL,126.089996,124.43,42090600.0
2015-04-01,AAPL,124.82,124.25,40621400.0
2015-04-02,AAPL,125.029999,125.32,32220100.0
2015-04-06,AAPL,124.470001,127.349998,37194000.0
2015-04-07,AAPL,127.639999,126.010002,35012300.0
2015-04-08,AAPL,125.849998,125.599998,37329200.0
2015-04-09,AAPL,125.849998,126.559998,32484000.0
2015-04-10,AAPL,125.949997,127.099998,40188000.0
2015-04-13,AAPL,128.369995,126.849998,36365100.0
2015-04-14,AAPL,127.0,126.300003,25524600.0
2015-04-15,AAPL,126.410004,126.779999,28970400.0
2015-04-16,AAPL,126.279999,126.169998,28369000.0
2015-04-17,AAPL,125.550003,124.75,51957000.0
2015-04-20,AAPL,125.57,127.599998,47054300.0
2015-04-21,AAPL,128.100006,126.910004,32435100.0
2015-04-22,AAPL,126.989998,128.619995,37654500.0
2015-04-23,AAPL,128.300003,129.669998,45770900.0
2015-04-24,AAPL,130.490005,130.279999,44525900.0
2015-04-27,AAPL,132.309998,132.649994,96954200.0
2015-04-28,AAPL,134.460007,130.559998,118924000.0
2015-04-29,AAPL,130.160004,128.639999,63386100.0
2015-04-30,AAPL,128.639999,125.150002,83195400.0
2015-05-01,AAPL,126.099998,128.949997,58512600.0
2015-05-04,AAPL,129.5,128.699997,50988300.0
2015-05-05,AAPL,128.149994,125.800003,49271400.0
2015-05-06,AAPL,126.559998,125.010002,72141000.0
2015-05-07,AAPL,124.769997,125.260002,43940900.0
2015-05-08,AAPL,126.68,127.620003,55550400.0
2015-05-11,AAPL,127.389999,126.32,42035800.0
2015-05-12,AAPL,125.599998,125.870003,48160000.0
2015-05-13,AAPL,126.150002,126.010002,34694200.0
2015-05-14,AAPL,127.410004,128.949997,45203500.0
2015-05-15,AAPL,129.070007,128.770004,38208000.0
2015-05-18,AAPL,128.380005,130.190002,50882900.0
2015-05-19,AAPL,130.690002,130.070007,44633200.0
2015-05-20,AAPL,130.0,130.059998,36454900.0
2015-05-21,AAPL,130.070007,131.389999,39730400.0
2015-05-22,AAPL,131.600006,132.539993,45596000.0
2015-05-26,AAPL,132.600006,129.619995,70697600.0
2015-05-27,AAPL,130.339996,132.039993,45833200.0
2015-05-28,AAPL,131.860001,131.779999,30733300.0
2015-05-29,AAPL,131.229996,130.279999,50884500.0
2015-06-01,AAPL,130.279999,130.539993,32112800.0
2015-06-02,AAPL,129.860001,129.960007,33667600.0
2015-06-03,AAPL,130.660004,130.119995,30889400.0
2015-06-04,AAPL,129.580002,129.360001,38450100.0
2015-06-05,AAPL,129.5,128.649994,35626800.0
2015-06-08,AAPL,128.899994,127.800003,52674800.0
2015-06-09,AAPL,126.699997,127.419998,56075400.0
2015-06-10,AAPL,127.919998,128.880005,39087300.0
2015-06-11,AAPL,129.179993,128.589996,35390900.0
2015-06-12,AAPL,128.190002,127.169998,36886200.0
2015-06-15,AAPL,126.099998,126.919998,43988900.0
2015-06-16,AAPL,127.029999,127.599998,31494100.0
2015-06-17,AAPL,127.720001,127.300003,32918100.0
2015-06-18,AAPL,127.230003,127.879997,35407200.0
2015-06-19,AAPL,127.709999,126.599998,54716900.0
2015-06-22,AAPL,127.489998,127.610001,34039300.0
2015-06-23,AAPL,127.480003,127.029999,30268900.0
2015-06-24,AAPL,127.209999,128.110001,55280900.0
2015-06-25,AAPL,128.860001,127.5,31938100.0
2015-06-26,AAPL,127.669998,126.75,44066800.0
2015-06-29,AAPL,125.459999,124.529999,49161400.0
2015-06-30,AAPL,125.57,125.43,44370700.0
2015-07-01,AAPL,126.900002,126.599998,30238800.0
2015-07-02,AAPL,126.43,126.440002,27211000.0
2015-07-06,AAPL,124.940002,126.0,28060400.0
2015-07-07,AAPL,125.889999,125.690002,46946800.0
2015-07-08,AAPL,124.480003,122.57,60761600.0
2015-07-09,AAPL,123.849998,120.07,77821600.0
2015-07-10,AAPL,121.940002,123.279999,61354500.0
2015-07-13,AAPL,125.029999,125.660004,41440500.0
2015-07-14,AAPL,126.040001,125.610001,31768100.0
2015-07-15,AAPL,125.720001,126.82,33649200.0
2015-07-16,AAPL,127.739998,128.509995,36222400.0
2015-07-17,AAPL,129.080002,129.619995,46164700.0
2015-07-20,AAPL,130.970001,132.070007,58900200.0
2015-07-21,AAPL,132.850006,130.75,76756400.0
2015-07-22,AAPL,121.989998,125.220001,115450600.0
2015-07-23,AAPL,126.199997,125.160004,50999500.0
2015-07-24,AAPL,125.32,124.5,42162300.0
2015-07-27,AAPL,123.089996,122.769997,44455500.0
2015-07-28,AAPL,123.379997,123.379997,33618100.0
2015-07-29,AAPL,123.150002,122.989998,37011700.0
2015-07-30,AAPL,122.32,122.370003,33628300.0
2015-07-31,AAPL,122.599998,121.300003,42885000.0
2015-08-03,AAPL,121.5,118.440002,69976000.0
2015-08-04,AAPL,117.419998,114.639999,124138600.0
2015-08-05,AAPL,112.949997,115.400002,99312600.0
2015-08-06,AAPL,115.970001,115.129997,52903000.0
2015-08-07,AAPL,114.580002,115.519997,38670400.0
2015-08-10,AAPL,116.529999,119.720001,54951600.0
2015-08-11,AAPL,117.809998,113.489998,97082800.0
2015-08-12,AAPL,112.529999,115.239998,101217500.0
2015-08-13,AAPL,116.040001,115.150002,48535800.0
2015-08-14,AAPL,114.32,115.959999,42929500.0
2015-08-17,AAPL,116.040001,117.160004,40884700.0
2015-08-18,AAPL,116.43,116.5,34560700.0
2015-08-19,AAPL,116.099998,115.010002,47445700.0
2015-08-20,AAPL,114.080002,112.650002,68501600.0
2015-08-21,AAPL,110.43,105.760002,128275500.0
2015-08-24,AAPL,94.870003,103.120003,162206300.0
2015-08-25,AAPL,111.110001,103.739998,103601600.0
2015-08-26,AAPL,107.089996,109.690002,96774600.0
2015-08-27,AAPL,112.230003,112.919998,84616100.0
2015-08-28,AAPL,112.169998,113.290001,53164400.0
2015-08-31,AAPL,112.029999,112.760002,56229300.0
2015-09-01,AAPL,110.150002,107.720001,76845900.0
2015-09-02,AAPL,110.230003,112.339996,61888800.0
2015-09-03,AAPL,112.489998,110.370003,53233900.0
2015-09-04,AAPL,108.970001,109.269997,49996300.0
2015-09-08,AAPL,111.75,112.309998,54843600.0
2015-09-09,AAPL,113.760002,110.150002,85010800.0
2015-09-10,AAPL,110.269997,112.57,62892800.0
2015-09-11,AAPL,111.790001,114.209999,49915500.0
2015-09-14,AAPL,116.580002,115.309998,58363400.0
2015-09-15,AAPL,115.93,116.279999,43341200.0
2015-09-16,AAPL,116.25,116.410004,37173500.0
2015-09-17,AAPL,115.660004,113.919998,64112600.0
2015-09-18,AAPL,112.209999,113.449997,74285300.0
2015-09-21,AAPL,113.669998,115.209999,50222000.0
2015-09-22,AAPL,113.379997,113.400002,50346200.0
2015-09-23,AAPL,113.629997,114.32,35756700.0
2015-09-24,AAPL,113.25,115.0,50219500.0
2015-09-25,AAPL,116.440002,114.709999,56151900.0
2015-09-28,AAPL,113.849998,112.440002,52109000.0
2015-09-29,AAPL,112.830002,109.059998,73365400.0
2015-09-30,AAPL,110.169998,110.300003,66473000.0
2015-10-01,AAPL,109.07,109.580002,63929100.0
2015-10-02,AAPL,108.010002,110.379997,58019800.0
2015-10-05,AAPL,109.879997,110.779999,52064700.0
2015-10-06,AAPL,110.629997,111.309998,48196800.0
2015-10-07,AAPL,111.739998,110.779999,46765600.0
2015-10-08,AAPL,110.190002,109.5,61979600.0
2015-10-09,AAPL,110.0,112.120003,52766100.0
2015-10-12,AAPL,112.730003,111.599998,30467200.0
2015-10-13,AAPL,110.82,111.790001,33049300.0
2015-10-14,AAPL,111.290001,110.209999,44462400.0
2015-10-15,AAPL,110.93,111.860001,37673500.0
2015-10-16,AAPL,111.779999,111.040001,39232600.0
2015-10-19,AAPL,110.800003,111.730003,29759200.0
2015-10-20,AAPL,111.339996,113.769997,48778800.0
2015-10-21,AAPL,114.0,113.760002,41795200.0
2015-10-22,AAPL,114.330002,115.5,41654100.0
2015-10-23,AAPL,116.699997,119.080002,59366900.0
2015-10-26,AAPL,118.080002,115.279999,66333800.0
2015-10-27,AAPL,115.400002,114.550003,69884400.0
2015-10-28,AAPL,116.93,119.269997,85551400.0
2015-10-29,AAPL,118.699997,120.529999,51227300.0
2015-10-30,AAPL,120.989998,119.5,49365300.0
2015-11-02,AAPL,120.800003,121.18,32203300.0
2015-11-03,AAPL,120.790001,122.57,45519000.0
2015-11-04,AAPL,123.129997,122.0,44886100.0
2015-11-05,AAPL,121.849998,120.919998,39552700.0
2015-11-06,AAPL,121.110001,121.059998,33042300.0
2015-11-09,AAPL,120.959999,120.57,33871400.0
2015-11-10,AAPL,116.900002,116.769997,59127900.0
2015-11-11,AAPL,116.370003,116.110001,45218000.0
2015-11-12,AAPL,116.260002,115.720001,32525600.0
2015-11-13,AAPL,115.199997,112.339996,45812400.0
2015-11-16,AAPL,111.379997,114.18,38106700.0
2015-11-17,AAPL,114.919998,113.690002,27616900.0
2015-11-18,AAPL,115.760002,117.290001,46674700.0
2015-11-19,AAPL,117.639999,118.779999,43295800.0
2015-11-20,AAPL,119.199997,119.300003,34287100.0
2015-11-23,AAPL,119.269997,117.75,32482500.0
2015-11-24,AAPL,117.330002,118.879997,42803200.0
2015-11-25,AAPL,119.209999,118.029999,21388300.0
2015-11-27,AAPL,118.290001,117.809998,13046400.0
2015-11-30,AAPL,117.989998,118.300003,39180300.0
2015-12-01,AAPL,118.75,117.339996,34852400.0
2015-12-02,AAPL,117.339996,116.279999,33386600.0
2015-12-03,AAPL,116.550003,115.199997,41569500.0
2015-12-04,AAPL,115.290001,119.029999,57777000.0
2015-12-07,AAPL,118.980003,118.279999,32084200.0
2015-12-08,AAPL,117.519997,118.230003,34309500.0
2015-12-09,AAPL,117.639999,115.620003,46361400.0
2015-12-10,AAPL,116.040001,116.169998,29104200.0
2015-12-11,AAPL,115.190002,113.18,46886200.0
2015-12-14,AAPL,112.18,112.480003,64318700.0
2015-12-15,AAPL,111.940002,110.489998,53323100.0
2015-12-16,AAPL,111.07,111.339996,56238500.0
2015-12-17,AAPL,112.019997,108.980003,44772800.0
2015-12-18,AAPL,108.910004,106.029999,96453300.0
2015-12-21,AAPL,107.279999,107.330002,47590600.0
2015-12-22,AAPL,107.400002,107.230003,32789400.0
2015-12-23,AAPL,107.269997,108.610001,32657400.0
2015-12-24,AAPL,109.0,108.029999,13570400.0
2015-12-28,AAPL,107.589996,106.82,26704200.0
2015-12-29,AAPL,106.959999,108.739998,30931200.0
2015-12-30,AAPL,108.580002,107.32,25213800.0
2015-12-31,AAPL,107.010002,105.260002,40635300.0
2016-01-04,AAPL,102.610001,105.349998,67649400.0
2016-01-05,AAPL,105.75,102.709999,55791000.0
2016-01-06,AAPL,100.559998,100.699997,68457400.0
2016-01-07,AAPL,98.68,96.449997,81094400.0
2016-01-08,AAPL,98.550003,96.959999,70798000.0
2016-01-11,AAPL,98.970001,98.529999,49739400.0
2016-01-12,AAPL,100.550003,99.959999,49154200.0
2016-01-13,AAPL,100.32,97.389999,62439600.0
2016-01-14,AAPL,97.959999,99.519997,63170100.0
2016-01-15,AAPL,96.199997,97.129997,79010000.0
2016-01-19,AAPL,98.410004,96.660004,53087700.0
2016-01-20,AAPL,95.099998,96.790001,72334400.0
2016-01-21,AAPL,97.059998,96.300003,52161500.0
2016-01-22,AAPL,98.629997,101.419998,65800500.0
2016-01-25,AAPL,101.519997,99.440002,51794500.0
2016-01-26,AAPL,99.93,99.989998,75077000.0
2016-01-27,AAPL,96.040001,93.419998,133369700.0
2016-01-28,AAPL,93.790001,94.089996,55678800.0
2016-01-29,AAPL,94.790001,97.339996,64416500.0
2016-02-01,AAPL,96.470001,96.43,40943500.0
2016-02-02,AAPL,95.419998,94.480003,37357200.0
2016-02-03,AAPL,95.0,96.349998,45964300.0
2016-02-04,AAPL,95.860001,96.599998,46471700.0
2016-02-05,AAPL,96.519997,94.019997,46418100.0
2016-02-08,AAPL,93.129997,95.010002,54021400.0
2016-02-09,AAPL,94.290001,94.989998,44331200.0
2016-02-10,AAPL,95.919998,94.269997,42343600.0
2016-02-11,AAPL,93.790001,93.699997,50074700.0
2016-02-12,AAPL,94.190002,93.989998,40351400.0
2016-02-16,AAPL,95.019997,96.639999,49057900.0
2016-02-17,AAPL,96.669998,98.120003,44863200.0
2016-02-18,AAPL,98.839996,96.260002,39021000.0
2016-02-19,AAPL,96.0,96.040001,35374200.0
2016-02-22,AAPL,96.309998,96.879997,34280800.0
2016-02-23,AAPL,96.400002,94.690002,31942600.0
2016-02-24,AAPL,93.980003,96.099998,36255700.0
2016-02-25,AAPL,96.050003,96.760002,27582700.0
2016-02-26,AAPL,97.199997,96.910004,28991100.0
2016-02-29,AAPL,96.860001,96.690002,35216300.0
2016-03-01,AAPL,97.650002,100.529999,50407100.0
2016-03-02,AAPL,100.510002,100.75,33169600.0
2016-03-03,AAPL,100.580002,101.5,36955700.0
2016-03-04,AAPL,102.370003,103.010002,46055100.0
2016-03-07,AAPL,102.389999,101.870003,35828900.0
2016-03-08,AAPL,100.779999,101.029999,31561900.0
2016-03-09,AAPL,101.309998,101.120003,27201700.0
2016-03-10,AAPL,101.410004,101.169998,33513600.0
2016-03-11,AAPL,102.239998,102.260002,27408200.0
2016-03-14,AAPL,101.910004,102.519997,25076100.0
2016-03-15,AAPL,103.959999,104.580002,40067700.0
2016-03-16,AAPL,104.610001,105.970001,38303500.0
2016-03-17,AAPL,105.519997,105.800003,34420700.0
2016-03-18,AAPL,106.339996,105.919998,44205200.0
2016-03-21,AAPL,105.93,105.910004,35502700.0
2016-03-22,AAPL,105.25,106.720001,32444400.0
2016-03-23,AAPL,106.480003,106.129997,25703500.0
2016-03-24,AAPL,105.470001,105.669998,26133000.0
2016-03-28,AAPL,106.0,105.190002,19411400.0
2016-03-29,AAPL,104.889999,107.68,31190100.0
2016-03-30,AAPL,108.650002,109.559998,45601100.0
2016-03-31,AAPL,109.720001,108.989998,25888400.0
2016-04-01,AAPL,108.779999,109.989998,25874000.0
2016-04-04,AAPL,110.419998,111.120003,37356200.0
2016-04-05,AAPL,109.510002,109.809998,26578700.0
2016-04-06,AAPL,110.230003,110.959999,26404100.0
2016-04-07,AAPL,109.949997,108.540001,31801900.0
2016-04-08,AAPL,108.910004,108.660004,23581700.0
2016-04-11,AAPL,108.970001,109.019997,29407500.0
2016-04-12,AAPL,109.339996,110.440002,27232300.0
2016-04-13,AAPL,110.800003,112.040001,33257300.0
2016-04-14,AAPL,111.620003,112.099998,25473900.0
2016-04-15,AAPL,112.110001,109.849998,46939000.0
2016-04-18,AAPL,108.889999,107.480003,60834000.0
2016-04-19,AAPL,107.879997,106.910004,32384900.0
2016-04-20,AAPL,106.639999,107.129997,30611000.0
2016-04-21,AAPL,106.93,105.970001,31552500.0
2016-04-22,AAPL,105.010002,105.68,33683100.0
2016-04-25,AAPL,105.0,105.080002,28031600.0
2016-04-26,AAPL,103.910004,104.349998,56016200.0
2016-04-27,AAPL,96.0,97.82,114602100.0
2016-04-28,AAPL,97.610001,94.830002,82242700.0
2016-04-29,AAPL,93.989998,93.739998,68531500.0
2016-05-02,AAPL,93.970001,93.639999,48160100.0
2016-05-03,AAPL,94.199997,95.18,56831300.0
2016-05-04,AAPL,95.199997,94.190002,41025500.0
2016-05-05,AAPL,94.0,93.239998,35890500.0
2016-05-06,AAPL,93.370003,92.720001,43458200.0
2016-05-09,AAPL,93.0,92.790001,32936400.0
2016-05-10,AAPL,93.330002,93.419998,33686800.0
2016-05-11,AAPL,93.480003,92.510002,28719100.0
2016-05-12,AAPL,92.720001,90.339996,76314700.0
2016-05-13,AAPL,90.0,90.519997,44392800.0
2016-05-16,AAPL,92.389999,93.879997,61259800.0
2016-05-17,AAPL,94.550003,93.489998,46916900.0
2016-05-18,AAPL,94.160004,94.559998,42062400.0
2016-05-19,AAPL,94.639999,94.199997,30442100.0
2016-05-20,AAPL,94.639999,95.220001,32026000.0
2016-05-23,AAPL,95.870003,96.43,38018600.0
2016-05-24,AAPL,97.220001,97.900002,35140200.0
2016-05-25,AAPL,98.669998,99.620003,38168800.0
2016-05-26,AAPL,99.68,100.410004,56331200.0
2016-05-27,AAPL,99.440002,100.349998,36229500.0
2016-05-31,AAPL,99.599998,99.860001,42307200.0
2016-06-01,AAPL,99.019997,98.459999,29173300.0
2016-06-02,AAPL,97.599998,97.720001,40191600.0
2016-06-03,AAPL,97.790001,97.919998,28062900.0
2016-06-06,AAPL,97.989998,98.629997,23292500.0
2016-06-07,AAPL,99.25,99.029999,22409500.0
2016-06-08,AAPL,99.019997,98.940002,20848100.0
2016-06-09,AAPL,98.5,99.650002,26601400.0
2016-06-10,AAPL,98.529999,98.830002,31712900.0
2016-06-13,AAPL,98.690002,97.339996,38020500.0
2016-06-14,AAPL,97.32,97.459999,31931900.0
2016-06-15,AAPL,97.82,97.139999,29445200.0
2016-06-16,AAPL,96.449997,97.550003,31326800.0
2016-06-17,AAPL,96.620003,95.330002,61008200.0
2016-06-20,AAPL,96.0,95.099998,34411900.0
2016-06-21,AAPL,94.940002,95.910004,35546400.0
2016-06-22,AAPL,96.25,95.550003,29219100.0
2016-06-23,AAPL,95.940002,96.099998,32240200.0
2016-06-24,AAPL,92.910004,93.400002,75311400.0
2016-06-27,AAPL,93.0,92.040001,45489600.0
2016-06-28,AAPL,92.900002,93.589996,40444900.0
2016-06-29,AAPL,93.970001,94.400002,36531000.0
2016-06-30,AAPL,94.440002,95.599998,35836400.0
2016-07-01,AAPL,95.489998,95.889999,26026500.0
2016-07-05,AAPL,95.389999,94.989998,27705200.0
2016-07-06,AAPL,94.599998,95.529999,30949100.0
2016-07-07,AAPL,95.699997,95.940002,25139600.0
2016-07-08,AAPL,96.489998,96.68,28912100.0
2016-07-11,AAPL,96.75,96.980003,23794900.0
2016-07-12,AAPL,97.169998,97.419998,24167500.0
2016-07-13,AAPL,97.410004,96.870003,25892200.0
2016-07-14,AAPL,97.389999,98.790001,38919000.0
2016-07-15,AAPL,98.919998,98.779999,30137000.0
2016-07-18,AAPL,98.699997,99.830002,36493900.0
2016-07-19,AAPL,99.559998,99.870003,23779900.0
2016-07-20,AAPL,100.0,99.959999,26276000.0
2016-07-21,AAPL,99.830002,99.43,32702000.0
2016-07-22,AAPL,99.260002,98.660004,28313700.0
2016-07-25,AAPL,98.25,97.339996,40382900.0
2016-07-26,AAPL,96.82,96.669998,56239800.0
2016-07-27,AAPL,104.269997,102.949997,92344800.0
2016-07-28,AAPL,102.830002,104.339996,39869800.0
2016-07-29,AAPL,104.190002,104.209999,27733700.0
2016-08-01,AAPL,104.410004,106.050003,38167900.0
2016-08-02,AAPL,106.050003,104.480003,33816600.0
2016-08-03,AAPL,104.809998,105.790001,30202600.0
2016-08-04,AAPL,105.580002,105.870003,27408700.0
2016-08-05,AAPL,106.269997,107.480003,40553400.0
2016-08-08,AAPL,107.519997,108.370003,28037200.0
2016-08-09,AAPL,108.230003,108.809998,26315200.0
2016-08-10,AAPL,108.709999,108.0,24008500.0
2016-08-11,AAPL,108.519997,107.93,27484500.0
2016-08-12,AAPL,107.779999,108.18,18660400.0
2016-08-15,AAPL,108.139999,109.480003,25868200.0
2016-08-16,AAPL,109.629997,109.379997,33794400.0
2016-08-17,AAPL,109.099998,109.220001,25356000.0
2016-08-18,AAPL,109.230003,109.080002,21984700.0
2016-08-19,AAPL,108.769997,109.360001,25368100.0
2016-08-22,AAPL,108.860001,108.510002,25820200.0
2016-08-23,AAPL,108.589996,108.849998,21257700.0
2016-08-24,AAPL,108.57,108.029999,23675100.0
2016-08-25,AAPL,107.389999,107.57,25086200.0
2016-08-26,AAPL,107.410004,106.940002,27766300.0
2016-08-29,AAPL,106.620003,106.82,24970300.0
2016-08-30,AAPL,105.800003,106.0,24863900.0
2016-08-31,AAPL,105.660004,106.099998,29662400.0
2016-09-01,AAPL,106.139999,106.730003,26701500.0
2016-09-02,AAPL,107.699997,107.730003,26802500.0
2016-09-06,AAPL,107.900002,107.699997,26880400.0
2016-09-07,AAPL,107.830002,108.360001,42364300.0
2016-09-08,AAPL,107.25,105.519997,53002000.0
2016-09-09,AAPL,104.639999,103.129997,46557000.0
2016-09-12,AAPL,102.650002,105.440002,45292800.0
2016-09-13,AAPL,107.510002,107.949997,62176200.0
2016-09-14,AAPL,108.730003,111.769997,110888700.0
2016-09-15,AAPL,113.860001,115.57,89983600.0
2016-09-16,AAPL,115.120003,114.919998,79886900.0
2016-09-19,AAPL,115.190002,113.580002,47023000.0
2016-09-20,AAPL,113.050003,113.57,34514300.0
2016-09-21,AAPL,113.849998,113.550003,36003200.0
2016-09-22,AAPL,114.349998,114.620003,31074000.0
2016-09-23,AAPL,114.419998,112.709999,52481200.0
2016-09-26,AAPL,111.639999,112.879997,29869400.0
2016-09-27,AAPL,113.0,113.089996,24607400.0
2016-09-28,AAPL,113.690002,113.949997,29641100.0
2016-09-29,AAPL,113.160004,112.18,35887000.0
2016-09-30,AAPL,112.459999,113.050003,36379100.0
2016-10-03,AAPL,112.709999,112.519997,21701800.0
2016-10-04,AAPL,113.059998,113.0,29736800.0
2016-10-05,AAPL,113.400002,113.050003,21453100.0
2016-10-06,AAPL,113.699997,113.889999,28779300.0
2016-10-07,AAPL,114.309998,114.059998,24358400.0
2016-10-10,AAPL,115.019997,116.050003,36236000.0
2016-10-11,AAPL,117.699997,116.300003,64041000.0
2016-10-12,AAPL,117.349998,117.339996,37586800.0
2016-10-13,AAPL,116.790001,116.980003,35192400.0
2016-10-14,AAPL,117.879997,117.629997,35652200.0
2016-10-17,AAPL,117.330002,117.550003,23624900.0
2016-10-18,AAPL,118.18,117.470001,24553500.0
2016-10-19,AAPL,117.25,117.120003,20034600.0
2016-10-20,AAPL,116.860001,117.059998,24125800.0
2016-10-21,AAPL,116.809998,116.599998,23192700.0
2016-10-24,AAPL,117.099998,117.650002,23538700.0
2016-10-25,AAPL,117.949997,118.25,48129000.0
2016-10-26,AAPL,114.309998,115.589996,66134200.0
2016-10-27,AAPL,115.389999,114.480003,34562000.0
2016-10-28,AAPL,113.870003,113.720001,37861700.0
2016-10-31,AAPL,113.650002,113.540001,26419400.0
2016-11-01,AAPL,113.459999,111.489998,43825800.0
2016-11-02,AAPL,111.400002,111.589996,28331700.0
2016-11-03,AAPL,110.980003,109.830002,26932600.0
2016-11-04,AAPL,108.529999,108.839996,30837000.0
2016-11-07,AAPL,110.080002,110.410004,32560000.0
2016-11-08,AAPL,110.309998,111.059998,24054500.0
2016-11-09,AAPL,109.879997,110.879997,59176400.0
2016-11-10,AAPL,111.089996,107.790001,57134500.0
2016-11-11,AAPL,107.120003,108.43,34143900.0
2016-11-14,AAPL,107.709999,105.709999,51175500.0
2016-11-15,AAPL,106.57,107.110001,32264500.0
2016-11-16,AAPL,106.699997,109.989998,58840500.0
2016-11-17,AAPL,109.809998,109.949997,27632000.0
2016-11-18,AAPL,109.720001,110.059998,28428900.0
2016-11-21,AAPL,110.120003,111.730003,29264600.0
2016-11-22,AAPL,111.949997,111.800003,25965500.0
2016-11-23,AAPL,111.360001,111.230003,27426400.0
2016-11-25,AAPL,111.129997,111.790001,11475900.0
2016-11-28,AAPL,111.43,111.57,27194000.0
2016-11-29,AAPL,110.779999,111.459999,28528800.0
2016-11-30,AAPL,111.599998,110.519997,36162300.0
2016-12-01,AAPL,110.370003,109.489998,37086900.0
2016-12-02,AAPL,109.169998,109.900002,26528000.0
2016-12-05,AAPL,110.0,109.110001,34324500.0
2016-12-06,AAPL,109.5,109.949997,26195500.0
2016-12-07,AAPL,109.260002,111.029999,29998700.0
2016-12-08,AAPL,110.860001,112.120003,27068300.0
2016-12-09,AAPL,112.309998,113.949997,34402600.0
2016-12-12,AAPL,113.290001,113.300003,26374400.0
2016-12-13,AAPL,113.839996,115.190002,43733800.0
2016-12-14,AAPL,115.040001,115.190002,34031800.0
2016-12-15,AAPL,115.379997,115.82,46524500.0
2016-12-16,AAPL,116.470001,115.970001,44351100.0
2016-12-19,AAPL,115.800003,116.639999,27779400.0
2016-12-20,AAPL,116.739998,116.949997,21425000.0
2016-12-21,AAPL,116.800003,117.059998,23783200.0
2016-12-22,AAPL,116.349998,116.290001,26085900.0
2016-12-23,AAPL,115.589996,116.519997,14249500.0
2016-12-27,AAPL,116.519997,117.260002,18296900.0
2016-12-28,AAPL,117.519997,116.760002,20905900.0
2016-12-29,AAPL,116.449997,116.730003,15039500.0
2016-12-30,AAPL,116.650002,115.82,30586300.0
